CHINCHINÁ; Código Establecimiento; Nombre Establecimiento; Código Sede; Nombre Sede
AGUADAS;117013000306;INSTITUCION EDUCATIVA MARINO GOMEZ ESTRADA;117013000306;INSTITUCION EDUCATIVA MARINO GOMEZ ESTRADA - SEDE PRINCIPAL
AGUADAS;117013000306;INSTITUCION EDUCATIVA MARINO GOMEZ ESTRADA;117013000349;CENTRO EDUCATIVO PRESIDENTE KENNEDY
ARANZAZU;217050000400;INSTITUCION EDUCATIVA ALEGRIAS;217050000337;ESCUELA RURAL LA ESPERANZA
ARANZAZU;217050000400;INSTITUCION EDUCATIVA ALEGRIAS;217050000353;ESCUELA RURAL EL EDÉN
ARANZAZU;217050000400;INSTITUCION EDUCATIVA ALEGRIAS;217050000051;ESCUELA RURAL LA GUAIRA
ARANZAZU;217050000400;INSTITUCION EDUCATIVA ALEGRIAS;217050000418;ESCUELA RURAL CHAMBERY
ARANZAZU;217050000400;INSTITUCION EDUCATIVA ALEGRIAS;217050000159;ESCUELA RURAL SABANALARGA
ARANZAZU;217050000400;INSTITUCION EDUCATIVA ALEGRIAS;217050000027;ESCUELA RURAL EL ROBLAL
ARANZAZU;217050000400;INSTITUCION EDUCATIVA ALEGRIAS;217050000370;ESCUELA RURAL SAN IGNACIO
ARANZAZU;217050000400;INSTITUCION EDUCATIVA ALEGRIAS;217050000213;ESCUELA RURAL MANZANILLO
ARANZAZU;217050000400;INSTITUCION EDUCATIVA ALEGRIAS;217050000167;ESCUELA RURAL LA PRADERA
ARANZAZU;217050000400;INSTITUCION EDUCATIVA ALEGRIAS;217050000132;ESCUELA RURAL CUATRO ESQUINAS
ARANZAZU;217050000400;INSTITUCION EDUCATIVA ALEGRIAS;217050000400;INSTITUCION EDUCATIVA ALEGRIAS - SEDE PRINCIPAL
CHINCHINÁ;117174000349;INSTITUCION EDUCATIVA SANTA TERESITA;117174000349;INSTITUCIÓN EDUCATIVA SANTA TERESITA - SEDE PRINCIPAL
CHINCHINÁ;117174000349;INSTITUCION EDUCATIVA SANTA TERESITA;117174000047;ESCUELA ANEXA SANTA TERESITA
CHINCHINÁ;117174000314;INSTITUCION EDUCATIVA BARTOLOME MITRE;117174000331;ESCUELA SANTA JUAN DE ARCO
CHINCHINÁ;117174000314;INSTITUCION EDUCATIVA BARTOLOME MITRE;117174000209;ESCUELA JUAN JOSE RONDON
CHINCHINÁ;117174000314;INSTITUCION EDUCATIVA BARTOLOME MITRE;117174000314;INSTITUCION EDUCATIVA BARTOLOME MITRE - SEDE PRINCIPAL
CHINCHINÁ;117174000314;INSTITUCION EDUCATIVA BARTOLOME MITRE;117174000063;CENTRO EDUCATIVO FRANCISCO JOSE DE CALDAS
LA DORADA;217380000376;INSTITUCION EDUCATIVA BUENAVISTA;217380000376;INSTITUCION EDUCATIVA BUENAVISTA - SEDE PRINCIPAL
LA DORADA;217380000376;INSTITUCION EDUCATIVA BUENAVISTA;217380000261;ESCUELA SAN FERNANDO
LA DORADA;217380000376;INSTITUCION EDUCATIVA BUENAVISTA;217380000562;ESCUELA LA HABANA
LA DORADA;217380000376;INSTITUCION EDUCATIVA BUENAVISTA;217380000732;ESCUELA JUAN JOSE CADAVID
MANZANARES;217433000314;INSTITUCION EDUCATIVA AGUABONITA;217433000314;INSTITUCION EDUCATIVA AGUABONITA - SEDE PRINCIPAL
MANZANARES;217433000314;INSTITUCION EDUCATIVA AGUABONITA;217433000161;ESCUELA RURAL EL CRUCERO
MANZANARES;217433000314;INSTITUCION EDUCATIVA AGUABONITA;217433000225;ESCUELA RURAL SAN PEDRO
MANZANARES;217433000314;INSTITUCION EDUCATIVA AGUABONITA;217433000241;ESCUELA RURAL GUAYAQUIL
MANZANARES;217433000314;INSTITUCION EDUCATIVA AGUABONITA;217433000446;ESCUELA RURAL LA CRISTALINA
MANZANARES;217433000314;INSTITUCION EDUCATIVA AGUABONITA;217433000233;ESCUELA RURAL SAN VICENTE
MANZANARES;217433000314;INSTITUCION EDUCATIVA AGUABONITA;217433000403;ESCUELA RURAL LA SONRISA
MANZANARES;217433000314;INSTITUCION EDUCATIVA AGUABONITA;217433000284;ESCUELA RURAL LA GALLERA
MANZANARES;217433000578;INSTITUCION EDUCATIVA JOSE ANTONIO GALAN;217433000390;ESCUELA RURAL SANTO DOMINGO
MANZANARES;217433000578;INSTITUCION EDUCATIVA JOSE ANTONIO GALAN;217433000420;ESCUELA RURAL LA ARABIA
MANZANARES;217433000578;INSTITUCION EDUCATIVA JOSE ANTONIO GALAN;217433000276;INSTITUCIÓN EDUCATIVA LAS MERCEDES
MANZANARES;217433000578;INSTITUCION EDUCATIVA JOSE ANTONIO GALAN;217433000501;ESCUELA NUEVA LA ITALIA
MANZANARES;217433000578;INSTITUCION EDUCATIVA JOSE ANTONIO GALAN;217433000578;INSTITUCION EDUCATIVA JOSE ANTONIO GALAN - SEDE PRINCIPAL
MANZANARES;217433000578;INSTITUCION EDUCATIVA JOSE ANTONIO GALAN;217433000560;ESCUELA NUEVA BUENOS AIRES
MANZANARES;217433000578;INSTITUCION EDUCATIVA JOSE ANTONIO GALAN;217433000195;CENTRO EDUCATIVO JOSE JOAQUIN MONTES GIRALDO
MARMATO;217442000033;INSTITUCION EDUCATIVA EL LLANO;217442000033;INSTITUCION EDUCATIVA EL LLANO - SEDE PRINCIPAL
MARMATO;217442000033;INSTITUCION EDUCATIVA EL LLANO;217442000170;ESCUELA RURAL LA GARRUCHA
MARQUETALIA;217444000278;INSTITUCION EDUCATIVA PATIO BONITO;217444000278;INSTITUCION EDUCATIVA PATIO BONITO - SEDE PRINCIPAL
MARQUETALIA;217444000278;INSTITUCION EDUCATIVA PATIO BONITO;217444000383;ESCUELA RURAL SAN GREGORIO
MARQUETALIA;217444000278;INSTITUCION EDUCATIVA PATIO BONITO;217444000766;ESCUELA RURAL LA PLAYA
MARQUETALIA;217444000278;INSTITUCION EDUCATIVA PATIO BONITO;217444000227;ESCUELA RURAL LA PARDA
MARQUETALIA;217444000278;INSTITUCION EDUCATIVA PATIO BONITO;217444000561;ESCUELA RURAL LAS GAVIOTAS
MARQUETALIA;217444000278;INSTITUCION EDUCATIVA PATIO BONITO;217444000286;ESCUELA RURAL CAYETANO
MARQUETALIA;217444000278;INSTITUCION EDUCATIVA PATIO BONITO;217444000031;ESCUELA RURAL LITUANIA
MARQUETALIA;217444000278;INSTITUCION EDUCATIVA PATIO BONITO;217444000359;ESCUELA RURAL COSTA RICA
MARQUETALIA;217444000278;INSTITUCION EDUCATIVA PATIO BONITO;217444000251;ESCUELA RURAL TEBAIDA
MARQUETALIA;217444000278;INSTITUCION EDUCATIVA PATIO BONITO;217444000260;ESCUELA RURAL LOS ZAINOS
MARQUETALIA;217444000278;INSTITUCION EDUCATIVA PATIO BONITO;217444000707;ESCUELA RURAL MAPORITA
MARQUETALIA;217444000138;INSTITUCION EDUCATIVA EL PLACER;217444000294;ESCUELA RURAL SAN LUIS
MARQUETALIA;217444000138;INSTITUCION EDUCATIVA EL PLACER;217444000243;ESCUELA RURAL UNIÓN BAJA
MARQUETALIA;217444000138;INSTITUCION EDUCATIVA EL PLACER;217444000316;ESCUELA RURAL EL CHOCO
MARQUETALIA;217444000138;INSTITUCION EDUCATIVA EL PLACER;217444000723;ESCUELA RURAL LA ESMERALDA
MARQUETALIA;217444000138;INSTITUCION EDUCATIVA EL PLACER;217444000651;ESCUELA RURAL EL AGUACATE
MARQUETALIA;217444000138;INSTITUCION EDUCATIVA EL PLACER;217444000219;ESCUELA RURAL LA MIEL
MARQUETALIA;217444000138;INSTITUCION EDUCATIVA EL PLACER;217444000146;ESCUELA RURAL EL PORVENIR
MARQUETALIA;217444000138;INSTITUCION EDUCATIVA EL PLACER;217444000138;INSTITUCION EDUCATIVA EL PLACER - SEDE PRINCIPAL
MARQUETALIA;217444000138;INSTITUCION EDUCATIVA EL PLACER;217444000481;ESCUELA RURAL BUENOS AIRES
PÁCORA;117513000558;INSTITUCION EDUCATIVA MARCO FIDEL SUAREZ;117513000558;INSTITUCION EDUCATIVA MARCO FIDEL SUAREZ - SEDE PRINCIPAL
PÁCORA;117513000558;INSTITUCION EDUCATIVA MARCO FIDEL SUAREZ;117513000426;ESCUELA NUESTRA SEÑORA DE LOURDES
PÁCORA;117513000558;INSTITUCION EDUCATIVA MARCO FIDEL SUAREZ;117513000418;CONCENTRACIÓN ESCOLAR MARISCAL SUCRE
PÁCORA;117513000825;INSTITUCION EDUCATIVA ELIAS MEJIA ANGEL;117513000825;INSTITUCION EDUCATIVA ELIAS MEJIA ANGEL - SEDE PRINCIPAL
PÁCORA;117513000825;INSTITUCION EDUCATIVA ELIAS MEJIA ANGEL;117513800007;SEDE PRIMARIA ELIAS MEJIA ANGEL
PENSILVANIA;217541000673;INSTITUCION EDUCATIVA JOHN F. KENNEDY;217541001033;CENTRO EDUCATIVO PATIO BONITO
PENSILVANIA;217541000673;INSTITUCION EDUCATIVA JOHN F. KENNEDY;217541001581;CENTRO EDUCATIVO LAS BRISAS
PENSILVANIA;217541000673;INSTITUCION EDUCATIVA JOHN F. KENNEDY;217541000096;ESCUELA RURAL LA PRIMAVERA
PENSILVANIA;217541000673;INSTITUCION EDUCATIVA JOHN F. KENNEDY;217541001092;ESCUELA NUEVA LAS PLAYAS
PENSILVANIA;217541000673;INSTITUCION EDUCATIVA JOHN F. KENNEDY;217541000142;ESCUELA RURAL TULIO RAMIREZ
PENSILVANIA;217541000673;INSTITUCION EDUCATIVA JOHN F. KENNEDY;217541000053;ESCUELA FRANCISCO JOSE DE CALDAS
PENSILVANIA;217541000673;INSTITUCION EDUCATIVA JOHN F. KENNEDY;217541000797;CENTRO EDUCATIVO LA COSTA
PENSILVANIA;217541000673;INSTITUCION EDUCATIVA JOHN F. KENNEDY;217541001602;JARDIN INFANTIL TRAVESURAS
PENSILVANIA;217541000673;INSTITUCION EDUCATIVA JOHN F. KENNEDY;217541000673;COLEGIO JHON F. KENNEDY
PENSILVANIA;217541000673;INSTITUCION EDUCATIVA JOHN F. KENNEDY;217541000126;ESCUELA MANUELA BELTRAN
PENSILVANIA;117541000652;INSTITUCION EDUCATIVA ESCUELA NORMAL SUPERIOR DE LA PRESENTACION;117541000652;INSTITUCION EDUCATIVA ESC. NORMAL SUPERIOR DE LA PRESENTACION - SEDE PRINCIPAL
PENSILVANIA;117541000652;INSTITUCION EDUCATIVA ESCUELA NORMAL SUPERIOR DE LA PRESENTACION;117541000610;ESCUELA ANEXA SANTA IMELDA
PENSILVANIA;117541000652;INSTITUCION EDUCATIVA ESCUELA NORMAL SUPERIOR DE LA PRESENTACION;117541000628;ESCUELA ANTONIA SANTOS
PENSILVANIA;117541000652;INSTITUCION EDUCATIVA ESCUELA NORMAL SUPERIOR DE LA PRESENTACION;117541000563;ESCUELA MIXTA CORONEL ASDRUBAL ROMERO
PENSILVANIA;117541001748;INSTITUCION EDUCATIVA PENSILVANIA;117541001748;INSTITUCIÓN EDUCATIVA PENSILVANIA - SEDE PRINCIPAL
PENSILVANIA;117541001748;INSTITUCION EDUCATIVA PENSILVANIA;117541001527;BACHILLERATO NOCTURNO ISMAEL RAMIREZ OSPINA
PENSILVANIA;117541001748;INSTITUCION EDUCATIVA PENSILVANIA;117541000601;CONCENTRACIÓN ESCOLAR BOYACA
PENSILVANIA;117541001748;INSTITUCION EDUCATIVA PENSILVANIA;117541000571;COLEGIO BASICO OFICIAL URBANO RUIZ
RIOSUCIO;217614000880;INSTITUCION EDUCATIVA FLORENCIA;217614001142;ESCUELA JUAN BAUTISTA BETANCUR
RIOSUCIO;217614000880;INSTITUCION EDUCATIVA FLORENCIA;217614001401;ESCUELA RURALAL MIXTA MEJIAL
RIOSUCIO;217614000880;INSTITUCION EDUCATIVA FLORENCIA;217614000260;ESCUELA RURAL MIXTA TRUJILLO
RIOSUCIO;217614000880;INSTITUCION EDUCATIVA FLORENCIA;217614000880;INSTITUCION EDUCATIVA FLORENCIA - SEDE PRINCIPAL
RIOSUCIO;217614000880;INSTITUCION EDUCATIVA FLORENCIA;217614000111;ESCUELA RURAL EL CARMELO
RIOSUCIO;217614000880;INSTITUCION EDUCATIVA FLORENCIA;217614000995;ESCUELA RURAL ALTO BONITO
RIOSUCIO;217614000880;INSTITUCION EDUCATIVA FLORENCIA;217614000189;ESCUELA AGUA BONITA
RIOSUCIO;217614000880;INSTITUCION EDUCATIVA FLORENCIA;217614000031;ESCUELA RURAL LOS ANGELES JAGUERO
RIOSUCIO;217614000855;INSTITUCION EDUCATIVA SAN JOSE;217614000855;INSTITUCION EDUCATIVA SAN JOSE - SEDE PRINCIPAL
RIOSUCIO;217614000855;INSTITUCION EDUCATIVA SAN JOSE;217614000049;ESCUELA RURAL PIEDRAS
RIOSUCIO;217614000855;INSTITUCION EDUCATIVA SAN JOSE;217614000791;ESCUELA RURAL TUNZARA
RIOSUCIO;217614000855;INSTITUCION EDUCATIVA SAN JOSE;217614000316;ESCUELA RURAL VENEROS
RIOSUCIO;217614001126;INSTITUCION EDUCATIVA MARIA FABIOLA LARGO CANO;217614000219;CENTRO EDUCATIVO EL SALADO
RIOSUCIO;217614001126;INSTITUCION EDUCATIVA MARIA FABIOLA LARGO CANO;217614000481;ESCUELA RURAL MIXTA SANTA INES
RIOSUCIO;217614001126;INSTITUCION EDUCATIVA MARIA FABIOLA LARGO CANO;217614001282;ESCUELA RURAL MIXTA LA CANDELARIA
RIOSUCIO;217614001126;INSTITUCION EDUCATIVA MARIA FABIOLA LARGO CANO;217614000324;ESCUELA RURAL MIXTA LA FLORESTA
RIOSUCIO;217614001126;INSTITUCION EDUCATIVA MARIA FABIOLA LARGO CANO;217614001011;ESCUELA RURAL LUIS ALVARO CORREA VINASCO
RIOSUCIO;217614001126;INSTITUCION EDUCATIVA MARIA FABIOLA LARGO CANO;217614001126;INSTITUCION EDUCATIVA MARIA FABIOLA LARGO CANO - SEDE PRINCIPAL
RIOSUCIO;217614001126;INSTITUCION EDUCATIVA MARIA FABIOLA LARGO CANO;217614000553;ESCUELA RURAL MIXTA EL LIMON
RIOSUCIO;217614001126;INSTITUCION EDUCATIVA MARIA FABIOLA LARGO CANO;217614000073;ESCUELA MARIA AUXILADORA CABARGA
RIOSUCIO;217614001126;INSTITUCION EDUCATIVA MARIA FABIOLA LARGO CANO;217614000065;ESCUELA RURAL MIXTA UBARBA
RIOSUCIO;217614001126;INSTITUCION EDUCATIVA MARIA FABIOLA LARGO CANO;217614000235;ESCUELA RURAL MIXTA LA PALMA
RIOSUCIO;217614001126;INSTITUCION EDUCATIVA MARIA FABIOLA LARGO CANO;217614000812;ESCUELA RURAL MIXTA LA FLORIDA
RIOSUCIO;217614000332;INSTITUCION EDUCATIVA LOS CHANCOS;217614000499;ESCUELA RURAL MIXTA GETSEMANI
RIOSUCIO;217614000332;INSTITUCION EDUCATIVA LOS CHANCOS;217614001185;ESCUELA RURAL MIXTA ANTIOQUEÑA
RIOSUCIO;217614000332;INSTITUCION EDUCATIVA LOS CHANCOS;217614000251;ESCUELA RURAL LA CAUCANA
RIOSUCIO;217614000332;INSTITUCION EDUCATIVA LOS CHANCOS;217614001100;ESCUELA RURAL LA MILAGROSA
RIOSUCIO;217614000332;INSTITUCION EDUCATIVA LOS CHANCOS;217614000332;INSTITUCION EDUCATIVA LOS CHANCOS - SEDE PRINCIPAL
RIOSUCIO;217614000332;INSTITUCION EDUCATIVA LOS CHANCOS;217614000472;ESCUELA RURAL RAFAEL LLANO
RIOSUCIO;217614000588;INSTITUCION EDUCATIVA NUESTRA SEÑORA DE FATIMA;217614000588;INSTITUCION EDUCATIVA NUESTRA SEÑORA DE FATIMA - SEDE PRINCIPAL
RIOSUCIO;217614000588;INSTITUCION EDUCATIVA NUESTRA SEÑORA DE FATIMA;217614001193;ESCUELA RURAL MIXTA LAS MINAS
RIOSUCIO;217614000588;INSTITUCION EDUCATIVA NUESTRA SEÑORA DE FATIMA;217614001266;ESCUELA RURAL MIXTA LA CABAÑA
RIOSUCIO;217614000588;INSTITUCION EDUCATIVA NUESTRA SEÑORA DE FATIMA;217614001177;RAFAEL GENARO RAMIREZ PARTIDAS
RIOSUCIO;217614000588;INSTITUCION EDUCATIVA NUESTRA SEÑORA DE FATIMA;217614000618;ESCUELA RURAL MIXTA TRAVESIAS
RIOSUCIO;217614000588;INSTITUCION EDUCATIVA NUESTRA SEÑORA DE FATIMA;217614000448;ESCUELA RURAL SAMARIA
RIOSUCIO;217614000588;INSTITUCION EDUCATIVA NUESTRA SEÑORA DE FATIMA;217614001258;ESCUELA RURAL MIXTA BARRANQUILLA
RIOSUCIO;217614000588;INSTITUCION EDUCATIVA NUESTRA SEÑORA DE FATIMA;217614000952;ESCUELA RURAL MIXTA SANTA CECILIA
RISARALDA;217616000666;INSTITUCION EDUCATIVA FRANCISCO JOSE DE CALDAS;217616000666;INSTITUCION EDUCATIVA FRANCISCO JOSE DE CALDAS - SEDE PRINCIPAL
RISARALDA;217616000666;INSTITUCION EDUCATIVA FRANCISCO JOSE DE CALDAS;217616000127;ESCUELA GENERAL SANTANDER
RISARALDA;217616000666;INSTITUCION EDUCATIVA FRANCISCO JOSE DE CALDAS;217616000500;ESCUELA SAGRADO CORAZON
RISARALDA;217616000666;INSTITUCION EDUCATIVA FRANCISCO JOSE DE CALDAS;217616000682;ESCUELA DIVINO NIÑO
RISARALDA;217616000666;INSTITUCION EDUCATIVA FRANCISCO JOSE DE CALDAS;217616000089;ESCUELA SANTA ANA
RISARALDA;217616000666;INSTITUCION EDUCATIVA FRANCISCO JOSE DE CALDAS;217616000186;ESCUELA LA TRINIDAD
RISARALDA;217616000666;INSTITUCION EDUCATIVA FRANCISCO JOSE DE CALDAS;217616000607;ESCUELA ANTONIA SANTOS
RISARALDA;217616000666;INSTITUCION EDUCATIVA FRANCISCO JOSE DE CALDAS;217616000143;ESCUELA EL BRILLANTE
RISARALDA;217616000666;INSTITUCION EDUCATIVA FRANCISCO JOSE DE CALDAS;217616000593;ESCUELA RAFAEL POMBO
RISARALDA;217616000666;INSTITUCION EDUCATIVA FRANCISCO JOSE DE CALDAS;217616000569;ESCUELA ANTONIO JOSE DE SUCRE
SAMANÁ;217662002355;INSTITUCION EDUCATIVA EL BOSQUE;217662000841;ESCUELA LAS MARGARITAS
SAMANÁ;217662002355;INSTITUCION EDUCATIVA EL BOSQUE;217662002746;ESCUELA RURAL LA QUIEBRA DEL ABEJORRO
SAMANÁ;217662002355;INSTITUCION EDUCATIVA EL BOSQUE;217662001545;ESCUELA RURAL MIXTA SAN LORENZO
SAMANÁ;217662002355;INSTITUCION EDUCATIVA EL BOSQUE;217662000859;ESCUELA RURAL CONGAL
SAMANÁ;217662002355;INSTITUCION EDUCATIVA EL BOSQUE;217662005389;ESCUELA NUEVA RURAL LA ARABIA
SAMANÁ;217662002355;INSTITUCION EDUCATIVA EL BOSQUE;217662002649;ESCUELA RURAL LA CUMBRE
SAMANÁ;217662002355;INSTITUCION EDUCATIVA EL BOSQUE;217662002389;ESCUELA RURAL LA GALLERA
SAMANÁ;217662002355;INSTITUCION EDUCATIVA EL BOSQUE;217662001600;ESCUELA NUEVA LAS GAVIOTAS
SAMANÁ;217662002355;INSTITUCION EDUCATIVA EL BOSQUE;217662002762;ESCUELA RURAL NUEVA QUEBRADA SECA
SAMANÁ;217662002355;INSTITUCION EDUCATIVA EL BOSQUE;217662002487;ESCUELA RURAL BUENOS AIRES
SAMANÁ;217662002355;INSTITUCION EDUCATIVA EL BOSQUE;217662000069;ESCUELA EL PROGRESO
SAMANÁ;217662002355;INSTITUCION EDUCATIVA EL BOSQUE;217662002291;ESCUELA RURAL MIXTA GUAYAQUIL
SAMANÁ;217662002355;INSTITUCION EDUCATIVA EL BOSQUE;217662002355;INSTITUCION EDUCATIVA EL BOSQUE - SEDE PRINCIPAL
SAMANÁ;117662002792;INSTITUCION EDUCATIVA SAN AGUSTIN;117662002792;INSTITUCION EDUCATIVA SAN AGUSTIN - SEDE PRINCIPAL
SAMANÁ;117662002792;INSTITUCION EDUCATIVA SAN AGUSTIN;117662000137;ESCUELA DANIEL MARÍA LÓPEZ
SAMANÁ;117662002792;INSTITUCION EDUCATIVA SAN AGUSTIN;117662000145;ESCUELA FRANCISCO JOSÉ DE CALDAS
SAMANÁ;117662002792;INSTITUCION EDUCATIVA SAN AGUSTIN;117662005465;LICEO LUIS ENRIQUE HERRERA
SAMANÁ;217662000387;INSTITUCION EDUCATIVA EL SILENCIO;217662000743;INSTITUCION EDUCATIVA SANTA TERESITA 
SAMANÁ;217662000387;INSTITUCION EDUCATIVA EL SILENCIO;217662000735;ESCUELA NUEVA ANTONIA SANTOS
SAMANÁ;217662000387;INSTITUCION EDUCATIVA EL SILENCIO;217662001723;ESCUELA NUEVA EL VERGEL
SAMANÁ;217662000387;INSTITUCION EDUCATIVA EL SILENCIO;217662001481;ESCUELA NUEVA LA LIBERTAD
SAMANÁ;217662000387;INSTITUCION EDUCATIVA EL SILENCIO;217662001049;ESCUELA NUEVA LA VENCIÓN
SAMANÁ;217662000387;INSTITUCION EDUCATIVA EL SILENCIO;217662002568;ESCUELA SAN ISIDRO
SAMANÁ;217662000387;INSTITUCION EDUCATIVA EL SILENCIO;217662000760;ESCUELA SANTA RITA
SAMANÁ;217662000387;INSTITUCION EDUCATIVA EL SILENCIO;217662000387;INSTITUCION EDUCATIVA EL SILENCIO - SEDE PRINCIPAL
SAMANÁ;217662000387;INSTITUCION EDUCATIVA EL SILENCIO;217662000719;ESCUELA RURAL MIXTA ANTONIO NARIÑO
SAMANÁ;217662000387;INSTITUCION EDUCATIVA EL SILENCIO;217662001995;ESCUELA RURAL MIXTA EL DORADO
SAMANÁ;217662000387;INSTITUCION EDUCATIVA EL SILENCIO;217662001685;ESCUELA RURAL MIXTA EL JARDÍN
SAMANÁ;217662000387;INSTITUCION EDUCATIVA EL SILENCIO;217662002771;LA UNIÓN TENERIFE
SAMANÁ;217662000387;INSTITUCION EDUCATIVA EL SILENCIO;217662002304;ESCUELA RURAL LOS LIMONES
SAMANÁ;217662000387;INSTITUCION EDUCATIVA EL SILENCIO;217662000786;ESCUELA RURAL MERCEDES ABREGO
SAMANÁ;217662000387;INSTITUCION EDUCATIVA EL SILENCIO;217662000336;ESCUELA VILLETA
SAMANÁ;217662002801;INSTITUCION EDUCATIVA PIO XII;217662001065;ESCUELA RURAL JARDINES
SAMANÁ;217662002801;INSTITUCION EDUCATIVA PIO XII;217662001979;ESCUELA NUEVA LA ABUNDANCIA
SAMANÁ;217662002801;INSTITUCION EDUCATIVA PIO XII;217662002363;ESCUELA RURAL LA VIÑA
SAMANÁ;217662002801;INSTITUCION EDUCATIVA PIO XII;217662000531;ESCUELA SAN VICENTE
SAMANÁ;217662002801;INSTITUCION EDUCATIVA PIO XII;217662001511;ESCUELA VILLA HERMOSA
SAMANÁ;217662002801;INSTITUCION EDUCATIVA PIO XII;217662000590;POSPRIMARIA LA REINA
SAMANÁ;217662002801;INSTITUCION EDUCATIVA PIO XII;217662001537;ESCUELA RURAL BOMBONÁ
SAMANÁ;217662002801;INSTITUCION EDUCATIVA PIO XII;217662000671;ESCUELA BUENA VISTA BAJA
SAMANÁ;217662002801;INSTITUCION EDUCATIVA PIO XII;217662001464;ESCUELA RURAL MIXTA EL CONGRESO
SAMANÁ;217662002801;INSTITUCION EDUCATIVA PIO XII;217662002592;ESCUELA RURAL EL ROBLE
SAMANÁ;217662002801;INSTITUCION EDUCATIVA PIO XII;217662002576;ESCUELA RURAL LA BEIBA
SAMANÁ;217662002801;INSTITUCION EDUCATIVA PIO XII;217662000204;ESCUELA RURAL LA GALLERA
SAMANÁ;217662002801;INSTITUCION EDUCATIVA PIO XII;217662002207;ESCUELA RURAL LA ITALIA
SAMANÁ;217662002801;INSTITUCION EDUCATIVA PIO XII;217662000972;ESCUELA RURAL LA SOFÍA
SAMANÁ;217662002801;INSTITUCION EDUCATIVA PIO XII;217662000212;ESCUELA LAS MERCEDES
SAMANÁ;217662002801;INSTITUCION EDUCATIVA PIO XII;217662001375;ESCUELA RURAL RAUDALES
SAMANÁ;217662002801;INSTITUCION EDUCATIVA PIO XII;217662002801;INSTITUCION EDUCATIVA PIO XII - SEDE PRINCIPAL
SAMANÁ;217662002801;INSTITUCION EDUCATIVA PIO XII;217662002631;ESCUELA BERNARDO OCAMPO HERRERA
SAMANÁ;217662002801;INSTITUCION EDUCATIVA PIO XII;217662000654;ESCUELA EL PORVENIR
SAMANÁ;217662002801;INSTITUCION EDUCATIVA PIO XII;217662002673;ESCUELA EL RECREO
SAMANÁ;217662002801;INSTITUCION EDUCATIVA PIO XII;217662800006;ESCUELA NUEVA LA ABUNDANCIA
SAN JOSÉ;217616000372;INSTITUCION EDUCATIVA SANTA TERESITA;217616000372;INSTITUCION EDUCATIVA SANTA TERESITA - SEDE PRINCIPAL
SAN JOSÉ;217616000372;INSTITUCION EDUCATIVA SANTA TERESITA;217616000283;ESCUELA URBANA DE NIÑAS SAN JOSE
AGUADAS;217013000777;INSTITUCION EDUCATIVA SAN ANTONIO DE ARMA;217013000777;INSTITUCION EDUCATIVA SAN ANTONIO DE ARMA - SEDE PRINCIPAL
AGUADAS;217013000777;INSTITUCION EDUCATIVA SAN ANTONIO DE ARMA;217013000467;CACIQUILLO
AGUADAS;217013000777;INSTITUCION EDUCATIVA SAN ANTONIO DE ARMA;217013000025;TIERRA FRIA
AGUADAS;217013000777;INSTITUCION EDUCATIVA SAN ANTONIO DE ARMA;217013000891;LA CLARA
AGUADAS;217013000777;INSTITUCION EDUCATIVA SAN ANTONIO DE ARMA;217013000581;EL JORDAN
AGUADAS;217013000777;INSTITUCION EDUCATIVA SAN ANTONIO DE ARMA;217013000122;SALINEROS
AGUADAS;217013000777;INSTITUCION EDUCATIVA SAN ANTONIO DE ARMA;217013000718;LA LORENA
AGUADAS;217013000777;INSTITUCION EDUCATIVA SAN ANTONIO DE ARMA;217013000505;EL ESPINAL
AGUADAS;217013000777;INSTITUCION EDUCATIVA SAN ANTONIO DE ARMA;217013000807;DOS QUEBRADAS
AGUADAS;217013000777;INSTITUCION EDUCATIVA SAN ANTONIO DE ARMA;217013000629;LA MARIA
AGUADAS;217013000777;INSTITUCION EDUCATIVA SAN ANTONIO DE ARMA;217013000394;ANGEL DE LA GUARDA
ANSERMA;117042000552;INSTITUCION EDUCATIVA AURELIANO FLOREZ CARDONA;117042000552;INSTITUCIÓN EDUCATIVA AURELIANO FLOREZ CARDONA  - SEDE PRINCIPAL
ANSERMA;117042000552;INSTITUCION EDUCATIVA AURELIANO FLOREZ CARDONA;217042000735;ESCUELA EL PENSIL
ANSERMA;117042000552;INSTITUCION EDUCATIVA AURELIANO FLOREZ CARDONA;117042000684;ESCUELA SAN ISIDRO
ANSERMA;117042000552;INSTITUCION EDUCATIVA AURELIANO FLOREZ CARDONA;117042000838;LICEO NOCTURNO ANSERMA
ANSERMA;117042000552;INSTITUCION EDUCATIVA AURELIANO FLOREZ CARDONA;117042000471;CENTRO EDUCATIVO SIMON BOLIVAR
ANSERMA;217042000263;INSTITUCION EDUCATIVA JUAN XXIII;217042000026;LA FLORESTA
ANSERMA;217042000263;INSTITUCION EDUCATIVA JUAN XXIII;217042000662;PEDRO CIEZA DE LEON
ANSERMA;217042000263;INSTITUCION EDUCATIVA JUAN XXIII;217042000077;RUY VANEGAS
ANSERMA;217042000263;INSTITUCION EDUCATIVA JUAN XXIII;217042000115;TAUDIA BAJO
ANSERMA;217042000263;INSTITUCION EDUCATIVA JUAN XXIII;217042000263;INSTITUCION EDUCATIVA JUAN XXIII - SEDE PRINCIPAL
ANSERMA;217042000263;INSTITUCION EDUCATIVA JUAN XXIII;217042001031;ANTONIO NARIÑO
ANSERMA;217042000263;INSTITUCION EDUCATIVA JUAN XXIII;217042000204;ANTONIO PIMENTEL
ANSERMA;217042000263;INSTITUCION EDUCATIVA JUAN XXIII;217042000379;EL LIMON
BELALCÁZAR;117088000255;INSTITUCION EDUCATIVA CRISTO REY;117088000255;INSTITUCION EDUCATIVA CRISTO REY - SEDE PRINCIPAL
BELALCÁZAR;117088000255;INSTITUCION EDUCATIVA CRISTO REY;117088000115;CENTRO DOCENTE MANUELA BELTRAN
BELALCÁZAR;117088000255;INSTITUCION EDUCATIVA CRISTO REY;117088000123;ESCUELA RAFAEL POMBO
BELALCÁZAR;117088000255;INSTITUCION EDUCATIVA CRISTO REY;117088000484;ESCUELA URBANA MIRAFLORES
FILADELFIA;217272000131;INSTITUCION EDUCATIVA ANTONIO NARIÑO;217272000131;INSTITUCIÓN EDUCATIVA ANTONIO NARIÑO - SEDE PRINCIPAL
FILADELFIA;217272000131;INSTITUCION EDUCATIVA ANTONIO NARIÑO;217272000408;ESCUELA RURAL LA SOLEDAD
FILADELFIA;217272000131;INSTITUCION EDUCATIVA ANTONIO NARIÑO;217272000238;ESCUELA RURAL EL PINTADO
FILADELFIA;217272000131;INSTITUCION EDUCATIVA ANTONIO NARIÑO;217272000556;ESCUELA RURAL LA MARINA
FILADELFIA;217272000131;INSTITUCION EDUCATIVA ANTONIO NARIÑO;217272000033;ESCUELA RURAL LA FLORIDA
FILADELFIA;217272000131;INSTITUCION EDUCATIVA ANTONIO NARIÑO;217272000025;ESCUELA RURAL ATANASIO GIRARDOTH
FILADELFIA;217272000131;INSTITUCION EDUCATIVA ANTONIO NARIÑO;217272000521;ESCUELA RURAL MANUELITA SAENZ
FILADELFIA;217272000131;INSTITUCION EDUCATIVA ANTONIO NARIÑO;217272000068;ESCUELA RURAL LA PALMA
FILADELFIA;217272000131;INSTITUCION EDUCATIVA ANTONIO NARIÑO;217272000203;INSTITUCION EDUCATIVA AGUADITA GRANDE
FILADELFIA;217272000131;INSTITUCION EDUCATIVA ANTONIO NARIÑO;217272000246;ESCUIELA RURAL BARCINAL
FILADELFIA;217272000131;INSTITUCION EDUCATIVA ANTONIO NARIÑO;217272000424;ESCUELA RURAL AGUADITA PEQUEÑA
FILADELFIA;217272000131;INSTITUCION EDUCATIVA ANTONIO NARIÑO;217272000351;ESCUELA RURAL SAN CAYETANO
FILADELFIA;217272000131;INSTITUCION EDUCATIVA ANTONIO NARIÑO;217272000289;ESCUELA RURAL LA CEIBA
FILADELFIA;217272000131;INSTITUCION EDUCATIVA ANTONIO NARIÑO;217272000181;ESCUELA RURAL PIEDRAS BLANCAS
FILADELFIA;217272000131;INSTITUCION EDUCATIVA ANTONIO NARIÑO;217272000386;ESCUELA RURAL EL TAMBO
FILADELFIA;217272000131;INSTITUCION EDUCATIVA ANTONIO NARIÑO;217272000211;ESCUELA RURAL ELADIA MEJIA
FILADELFIA;217272000131;INSTITUCION EDUCATIVA ANTONIO NARIÑO;217272000564;ESCUELA RURAL LA AMAPOLA
FILADELFIA;217272000131;INSTITUCION EDUCATIVA ANTONIO NARIÑO;217272000611;LA DORADA
LA DORADA;117380000789;INSTITUCIÓN EDUCATIVA RENÁN BARCO - JUAN PABLO II- SEDE PRINCIPAL;117380000789;INSTITUCION EDUCATIVA RENAN BARCO - SEDE PRINCIPAL
LA DORADA;117380000789;INSTITUCIÓN EDUCATIVA RENÁN BARCO - JUAN PABLO II- SEDE PRINCIPAL;117380000592;CONCENTRACIÓN ESCOLAR LAS FERIAS
LA DORADA;117380000789;INSTITUCIÓN EDUCATIVA RENÁN BARCO - JUAN PABLO II- SEDE PRINCIPAL;117380800017;JUAN PABLO II
NEIRA;217486000618;INSTITUCION EDUCATIVA SAN LUIS;217486000618;INSTITUCION EDUCATIVA SAN LUIS - SEDE PRINCIPAL
NEIRA;217486000618;INSTITUCION EDUCATIVA SAN LUIS;217486000766;ESCUELA EL VATICANO
NEIRA;217486000618;INSTITUCION EDUCATIVA SAN LUIS;217486000812;ESCUELA SAN JOSÉ
NEIRA;217486000618;INSTITUCION EDUCATIVA SAN LUIS;217486000227;ESCUELA POLICARPA SALAVARRIETA
NEIRA;217486000618;INSTITUCION EDUCATIVA SAN LUIS;217486000201;ESCUELA ANTONIO JOSÉ DE SUCRE
NEIRA;217486000618;INSTITUCION EDUCATIVA SAN LUIS;217486000065;ESCUELA MONSEÑOR ALFONSO DE LOS RIOS
NEIRA;217486000618;INSTITUCION EDUCATIVA SAN LUIS;217486000847;ESCUELA IRRENA
PÁCORA;217513000676;INSTITUCION EDUCATIVA FRANCISCO JOSE DE CALDAS;217513000013;ESCUELA RURAL ESTACION PACORA
PÁCORA;217513000676;INSTITUCION EDUCATIVA FRANCISCO JOSE DE CALDAS;217513000366;ESCUELA RURAL EL BARRO
PÁCORA;217513000676;INSTITUCION EDUCATIVA FRANCISCO JOSE DE CALDAS;217513000048;ESCUELA RURAL TAMBORAL
PÁCORA;217513000676;INSTITUCION EDUCATIVA FRANCISCO JOSE DE CALDAS;217513000111;CENTRO ESCOLAR SAN FRANCISCO
PÁCORA;217513000676;INSTITUCION EDUCATIVA FRANCISCO JOSE DE CALDAS;217513000676;INSTITUCIÓN EDUCATIVA FRANCISCO JOSE DE CALDAS - SEDE PRINCIPAL
PÁCORA;217513000676;INSTITUCION EDUCATIVA FRANCISCO JOSE DE CALDAS;217513000404;ESCUELA RURAL ARRIETA
PÁCORA;217513000676;INSTITUCION EDUCATIVA FRANCISCO JOSE DE CALDAS;217513000170;CENTRO EDUCATIVO MIRAFLORES
PÁCORA;217513000676;INSTITUCION EDUCATIVA FRANCISCO JOSE DE CALDAS;217513000323;CENTRO EDUCATIVO EL ESCOBAL
RIOSUCIO;117614000753;INSTITUCION EDUCATIVA ESCUELA NORMAL SUPERIOR SAGRADO CORAZON;117614000753;INSTITUCION EDUCATIVA ESCUELA NORMAL SUPERIOR SAGRADO CORAZON - SEDE PRINCIPAL
RIOSUCIO;117614000753;INSTITUCION EDUCATIVA ESCUELA NORMAL SUPERIOR SAGRADO CORAZON;117614000681;CENTRO DOCENTE MARIA AUXILIADORA
RIOSUCIO;117614000753;INSTITUCION EDUCATIVA ESCUELA NORMAL SUPERIOR SAGRADO CORAZON;117614000834;ESCUELA ANEXA SAGRADO CORAZON
RIOSUCIO;117614000753;INSTITUCION EDUCATIVA ESCUELA NORMAL SUPERIOR SAGRADO CORAZON;117614001059;ESCUELA LUISA BENITEZ DE MORALES
SAMANÁ;217662000689;INSTITUCION EDUCATIVA DULCE NOMBRE;217662001031;ESCUELA RURAL SANTA MARTA
SAMANÁ;217662000689;INSTITUCION EDUCATIVA DULCE NOMBRE;217662000573;ESCUELA SANTA BÁRBARA
SAMANÁ;217662000689;INSTITUCION EDUCATIVA DULCE NOMBRE;217662000662;COLEGIO LOS POMOS
SAMANÁ;217662000689;INSTITUCION EDUCATIVA DULCE NOMBRE;217662000620;ESCUELA ALEGRÍAS
SAMANÁ;217662000689;INSTITUCION EDUCATIVA DULCE NOMBRE;217662001944;ESCUELA RURAL MIXTA LA PRIMAVERA
SAMANÁ;217662000689;INSTITUCION EDUCATIVA DULCE NOMBRE;217662002282;CENTRO EDUCATIVO PATIO BONITO
SAMANÁ;217662000689;INSTITUCION EDUCATIVA DULCE NOMBRE;217662002584;ESCUELA ENCIMADAS
SAMANÁ;217662000689;INSTITUCION EDUCATIVA DULCE NOMBRE;217662000034;ESCUELA RURAL EL SINAÍ
SAMANÁ;217662000689;INSTITUCION EDUCATIVA DULCE NOMBRE;217662000549;ESCUELA RURAL MIXTA FINCA NUEVA
SAMANÁ;217662000689;INSTITUCION EDUCATIVA DULCE NOMBRE;217662001057;ESCUELA LA CABAÑA
SAMANÁ;217662000689;INSTITUCION EDUCATIVA DULCE NOMBRE;217662000026;ESCUELA RURAL LA TULIA
SAMANÁ;217662000689;INSTITUCION EDUCATIVA DULCE NOMBRE;217662000646;ESCUELA RURAL MONTECRISTO
SAMANÁ;217662000689;INSTITUCION EDUCATIVA DULCE NOMBRE;217662000077;COLEGIO MONTESORY
SAMANÁ;217662000689;INSTITUCION EDUCATIVA DULCE NOMBRE;217662000689;INSTITUCION EDUCATIVA DULCE NOMBRE - SEDE PRINCIPAL
SAN JOSÉ;217616000399;INSTITUCION EDUCATIVA LA LIBERTAD;217616000232;ESCUELA RURAL BUENAVISTA
SAN JOSÉ;217616000399;INSTITUCION EDUCATIVA LA LIBERTAD;217616000241;ESCUELA LOS CAIMOS
SAN JOSÉ;217616000399;INSTITUCION EDUCATIVA LA LIBERTAD;217616000224;ESCUELA RURAL EL CONTENTO
SAN JOSÉ;217616000399;INSTITUCION EDUCATIVA LA LIBERTAD;217616000399;INSTITUCION EDUCATIVA LA LIBERTAD - SEDE PRINCIPAL
SAN JOSÉ;217616000399;INSTITUCION EDUCATIVA LA LIBERTAD;217616000453;ESCUELA RURAL ALTO MIRA
SAN JOSÉ;217616000399;INSTITUCION EDUCATIVA LA LIBERTAD;217616000402;ESCUELA RURAL MIXTA EL BOSQUE
SAN JOSÉ;217616000399;INSTITUCION EDUCATIVA LA LIBERTAD;217616000496;ESCUELA RURAL GUAIMARAL
SAN JOSÉ;217616000399;INSTITUCION EDUCATIVA LA LIBERTAD;217616000313;ESCUELA RURAL LA ESTRELLA
SAN JOSÉ;217616000399;INSTITUCION EDUCATIVA LA LIBERTAD;217616000640;ESCUELA RURAL PRIMAVERA ALTA
SAN JOSÉ;217616000399;INSTITUCION EDUCATIVA LA LIBERTAD;217616000321;ESCUELA MORRO AZUL
SAN JOSÉ;217616000399;INSTITUCION EDUCATIVA LA LIBERTAD;217616000631;ESCUELA RURAL ARRAYANES
SAN JOSÉ;217616000399;INSTITUCION EDUCATIVA LA LIBERTAD;217616000267;ESCUELA RURAL TAMBORAL
SAN JOSÉ;217616000399;INSTITUCION EDUCATIVA LA LIBERTAD;217616000356;ESCUELA RURAL EL VATICANO
SAN JOSÉ;217616000399;INSTITUCION EDUCATIVA LA LIBERTAD;217616000381;ESCUELA RURAL MIXTA LA PAZ
SAN JOSÉ;217616000399;INSTITUCION EDUCATIVA LA LIBERTAD;217616000518;ESCUELA RURAL LA MORELIA
SAN JOSÉ;217616000399;INSTITUCION EDUCATIVA LA LIBERTAD;217665000680;TAMANIZA ALTA
VICTORIA;217867000011;INSTITUCION EDUCATIVA ISAZA;217867000037;ESCUELA RURAL CARRIZALES
VICTORIA;217867000011;INSTITUCION EDUCATIVA ISAZA;217867000487;ESCUELA RURAL LOS LIMONES
VICTORIA;217867000011;INSTITUCION EDUCATIVA ISAZA;317867000481;ESCUELA RURAL VEGA GRANDE
VICTORIA;217867000011;INSTITUCION EDUCATIVA ISAZA;417867000419;ESCUELA RURAL LA UNION CIMITARRA
VICTORIA;217867000011;INSTITUCION EDUCATIVA ISAZA;217867000193;ESCUELA RURAL LA GUAYANA
VICTORIA;217867000011;INSTITUCION EDUCATIVA ISAZA;217867000011;INSTITUCION EDUCATIVA ISAZA - SEDE PRINCIPAL
VICTORIA;217867000011;INSTITUCION EDUCATIVA ISAZA;217867000436;ESCUELA RURAL LA FE
VICTORIA;217867000011;INSTITUCION EDUCATIVA ISAZA;217867000452;ESCUELA RURAL LA GARRUCHA
VICTORIA;217867000011;INSTITUCION EDUCATIVA ISAZA;217867000428;ESCUELA RURAL MONTENEGRO
AGUADAS;217013000564;INSTITUCION EDUCATIVA EL EDEN;217013000408;ESCUELA ANTONIO GOMEZ ESTRADA
AGUADAS;217013000564;INSTITUCION EDUCATIVA EL EDEN;217013000751;ESCUELA LA PROSPERIDAD
AGUADAS;217013000564;INSTITUCION EDUCATIVA EL EDEN;217013000769;ESCUELA LA ZULIA
AGUADAS;217013000564;INSTITUCION EDUCATIVA EL EDEN;217013000564;INSTITUCION EDUCATIVA EL EDEN - SEDE PRINCIPAL
AGUADAS;217013000564;INSTITUCION EDUCATIVA EL EDEN;217013000441;ESCUELA ALTO DE LA MONTAÑA
AGUADAS;217013000564;INSTITUCION EDUCATIVA EL EDEN;217013000246;ESCUELA MATECAÑA
AGUADAS;217013000564;INSTITUCION EDUCATIVA EL EDEN;217013000157;ESCUELA PORE
AGUADAS;217013000564;INSTITUCION EDUCATIVA EL EDEN;217013000840;ESCUELA SAN ANTONIO
AGUADAS;217013000564;INSTITUCION EDUCATIVA EL EDEN;217013000289;ESCUELA LETICIA
AGUADAS;217013000564;INSTITUCION EDUCATIVA EL EDEN;217013000432;ESCUELA ALTO DEL CARMELO
AGUADAS;217013000564;INSTITUCION EDUCATIVA EL EDEN;217013000165;ESCUELA PITO
AGUADAS;217013000564;INSTITUCION EDUCATIVA EL EDEN;217013000114;ESCUELA SAN NICOLAS
AGUADAS;217013000564;INSTITUCION EDUCATIVA EL EDEN;217013001129;ESCUELA LLANO GRANDE ABAJO
BELALCÁZAR;217088000217;INSTITUCION EDUCATIVA EL AGUILA;217088000276;ESCUELA NUEVA ALTO BONITO
BELALCÁZAR;217088000217;INSTITUCION EDUCATIVA EL AGUILA;217088000071;ESCUELA NUEVA LA CASCADA
BELALCÁZAR;217088000217;INSTITUCION EDUCATIVA EL AGUILA;217088000403;ESCUELA RURAL LA BETULIA
BELALCÁZAR;217088000217;INSTITUCION EDUCATIVA EL AGUILA;217088000233;ESCUELA NUEVA LA ELVIRA
BELALCÁZAR;217088000217;INSTITUCION EDUCATIVA EL AGUILA;217088000497;ESCUELA RURAL SIMON BOLIVAR
BELALCÁZAR;217088000217;INSTITUCION EDUCATIVA EL AGUILA;217088000047;ESCUELA RURAL LA ZAINERA
BELALCÁZAR;217088000217;INSTITUCION EDUCATIVA EL AGUILA;217088000217;INSTITUCION EDUCATIVA EL AGUILA - SEDE PRINCIPAL
BELALCÁZAR;217088000098;INSTITUCION EDUCATIVA EL MADROÑO;217088000098;INSTITUCION EDUCATIVA EL MADROÑO - SEDE PRINCIPAL
BELALCÁZAR;217088000098;INSTITUCION EDUCATIVA EL MADROÑO;217088000055;CONVENTOS
BELALCÁZAR;217088000098;INSTITUCION EDUCATIVA EL MADROÑO;217088000152;ESCUELA TIERRADENTRO
BELALCÁZAR;217088000098;INSTITUCION EDUCATIVA EL MADROÑO;217088000519;ESCUELA NUEVA LAS PALOMAS
BELALCÁZAR;217088000098;INSTITUCION EDUCATIVA EL MADROÑO;217088000063;ESCUELA RURAL SAN NARCIZO
BELALCÁZAR;217088000098;INSTITUCION EDUCATIVA EL MADROÑO;217088000209;ESCUELA NUEVA EL CARMEN
BELALCÁZAR;217088000098;INSTITUCION EDUCATIVA EL MADROÑO;217088000179;ESCUELA NUEVA VERDUN
BELALCÁZAR;217088000098;INSTITUCION EDUCATIVA EL MADROÑO;217088000543;ESCUELA RURAL PORTUGAL
FILADELFIA;117272000578;INSTITUCION EDUCATIVA FILADELFIA;117272000578;INSTITUCION EDUCATIVA FILADELFIA - SEDE PRINCIPAL
FILADELFIA;117272000578;INSTITUCION EDUCATIVA FILADELFIA;117272000128;GENERAL SANTANDER
FILADELFIA;117272000578;INSTITUCION EDUCATIVA FILADELFIA;117272000110;COLEGIO MARIA INMACULADA
LA DORADA;117380000347;INSTITUCION EDUCATIVA NUESTRA SEÑORA DEL CARMEN;117380000177;ESCUELA SAN VICENTE DE PAUL
LA DORADA;117380000347;INSTITUCION EDUCATIVA NUESTRA SEÑORA DEL CARMEN;117380000169;ESCUELA JOSE ANTONIO GALAN
LA DORADA;117380000347;INSTITUCION EDUCATIVA NUESTRA SEÑORA DEL CARMEN;117380000347;INSTITUCION EDUCATIVA NUESTRA SEÑORA DEL CARMEN - SEDE PRINCIPAL
LA DORADA;117380000347;INSTITUCION EDUCATIVA NUESTRA SEÑORA DEL CARMEN;117380000134;ESCUELA ANTONIO JOSE DE SUCRE
LA DORADA;117380000347;INSTITUCION EDUCATIVA NUESTRA SEÑORA DEL CARMEN;117380000100;ESCUELA ANTONIO NARIÑO
LA DORADA;117380000185;INSTITUCION EDUCATIVA ESCUELA NORMAL SUPERIOR  MARCO FIDEL SUAREZ;117380000185;INSTITUCION EDUCATIVA MARCO FIDEL SUAREZ - SEDE PRINCIPAL
LA DORADA;217380000856;INSTITUCION EDUCATIVA GUARINOCITO;217380000856;INSTITUCION EDUCATIVA GUARINOCITO - SEDE PRINCIPAL
LA DORADA;217380000856;INSTITUCION EDUCATIVA GUARINOCITO;217380000074;ESCUELA FRANCISCO JOSE DE CALDAS
LA DORADA;217380000856;INSTITUCION EDUCATIVA GUARINOCITO;217380000279;ESCUELA EL HORIZONTE
LA DORADA;217380000856;INSTITUCION EDUCATIVA GUARINOCITO;217380000775;ESCUELA LA BOCANA
LA MERCED;117388000028;INSTITUCION EDUCATIVA MONSEÑOR ANTONIO JOSE GIRALDO GOMEZ;117388000028;INSTITUCION EDUCATIVA MONSEÑOR ANTONIO JOSE GIRALDO GOMEZ - SEDE PRINCIPAL
LA MERCED;117388000028;INSTITUCION EDUCATIVA MONSEÑOR ANTONIO JOSE GIRALDO GOMEZ;117388000010;SEDE PRIMARIA FCO JOSE DE CALDAS
MANZANARES;217433000535;INSTITUCION EDUCATIVA LLANADAS;217433000152;ESCUELA RURAL LOS FUNDADORES
MANZANARES;217433000535;INSTITUCION EDUCATIVA LLANADAS;217433000217;ESCUELA RURAL LA CEIBA
MANZANARES;217433000535;INSTITUCION EDUCATIVA LLANADAS;217433000306;ESCUELA ANA ARANGO DE URIBE
MANZANARES;217433000535;INSTITUCION EDUCATIVA LLANADAS;217433000829;ESCUELA NUEVA COROZAL
MANZANARES;217433000535;INSTITUCION EDUCATIVA LLANADAS;217433000535;INSTITUCION EDUCATIVA LLANADAS - SEDE PRINCIPAL
MANZANARES;217433000535;INSTITUCION EDUCATIVA LLANADAS;217433000144;ESCUELA RURAL ANA JULIA VARGAS DE ARANGO
MANZANARES;217433000535;INSTITUCION EDUCATIVA LLANADAS;217433000292;ESCUELA RURAL CAMPOALEGRE
MANZANARES;217433000535;INSTITUCION EDUCATIVA LLANADAS;217433000756;ESCUELA RURAL PALMICHAL
MANZANARES;217433000535;INSTITUCION EDUCATIVA LLANADAS;217433000136;ESCUELA NUEVA DOSQUEBRADAS
MANZANARES;217433000535;INSTITUCION EDUCATIVA LLANADAS;217433000616;ESCUELA NUEVA LA ESMERALDA
MANZANARES;217433000802;INSTITUCION EDUCATIVA GREGORIO GUTIERREZ GONZALEZ;217433000802;INSTITUCION EDUCATIVA GREGORIO GUTIERREZ GONZALEZ - SEDE PRINCIPAL
MANZANARES;217433000802;INSTITUCION EDUCATIVA GREGORIO GUTIERREZ GONZALEZ;217433000047;ESCUELA RURAL SAN JUAN LA SIRIA
MANZANARES;217433000802;INSTITUCION EDUCATIVA GREGORIO GUTIERREZ GONZALEZ;217433000055;ESCUELA RURAL SAN JOSE
MANZANARES;217433000802;INSTITUCION EDUCATIVA GREGORIO GUTIERREZ GONZALEZ;217433000071;INSTITUCIÓN EDUCATIVA SANTA BARBARA ALTA
MANZANARES;217433000802;INSTITUCION EDUCATIVA GREGORIO GUTIERREZ GONZALEZ;217433000250;ESCUELA RURAL SANTA BARBARA
MANZANARES;217433000802;INSTITUCION EDUCATIVA GREGORIO GUTIERREZ GONZALEZ;217433000438;ESCUELA NUEVA EL SUELDO
MANZANARES;217433000802;INSTITUCION EDUCATIVA GREGORIO GUTIERREZ GONZALEZ;217433000497;ESCUELA NUEVA LA RICA
MANZANARES;217433000802;INSTITUCION EDUCATIVA GREGORIO GUTIERREZ GONZALEZ;217433000551;ESCUELA NUEVA EL VERGEL
MANZANARES;217433000802;INSTITUCION EDUCATIVA GREGORIO GUTIERREZ GONZALEZ;217433000748;ESCUELA RURAL LAS PEÑAS
MANZANARES;217433000802;INSTITUCION EDUCATIVA GREGORIO GUTIERREZ GONZALEZ;217433000781;ESCUELA NUEVA SAN JUAN GUARINO
MANZANARES;217433000802;INSTITUCION EDUCATIVA GREGORIO GUTIERREZ GONZALEZ;217433000063;ESCUELA SAGRADO CORAZON
MARMATO;117442000322;INSTITUCION EDUCATIVA MARMATO;117442000322;INSTITUCION EDUCATIVA MARMATO - SEDE PRINCIPAL
MARMATO;117442000322;INSTITUCION EDUCATIVA MARMATO;117442000063;ESCUELA MAXIMILIANO GRILLO
MARMATO;117442000322;INSTITUCION EDUCATIVA MARMATO;217442000092;ESCUELA RURAL ECHANDIA
MARMATO;117442000322;INSTITUCION EDUCATIVA MARMATO;217442000289;ESCUELA RURAL JIMENEZ
MARMATO;117442000322;INSTITUCION EDUCATIVA MARMATO;217442000050;ESCUELA BELLAVISTA
MARQUETALIA;217444000171;INSTITUCION EDUCATIVA LA FLORIDA.;217444000791;ESCUELA RURAL CUCUTA
MARQUETALIA;217444000171;INSTITUCION EDUCATIVA LA FLORIDA.;217444000669;ESCUELA RURAL LA ESTRELLA
PALESTINA;217524000015;INSTITUCION EDUCATIVA MONSEÑOR ALFONSO DE LOS RIOS;217524000015;INSTITUTO MONSEÑOR ALFONSO DE LOS RIOS - SEDE PRINCIPAL
PALESTINA;217524000015;INSTITUCION EDUCATIVA MONSEÑOR ALFONSO DE LOS RIOS;217524000091;ESCUELA BERNARDO MEJIA RIVERA
PALESTINA;217524000015;INSTITUCION EDUCATIVA MONSEÑOR ALFONSO DE LOS RIOS;217524800003;ESCUELA AVENIDA EL FERROCARRIL
PENSILVANIA;217541001301;INSTITUCION EDUCATIVA LA RIOJA;217541000746;ESCUELA NUEVA LAS ESTRELLA
PENSILVANIA;217541001301;INSTITUCION EDUCATIVA LA RIOJA;217541000151;ESCUELA NUEVA EL CRICERIO
PENSILVANIA;217541001301;INSTITUCION EDUCATIVA LA RIOJA;217541000533;ESCUELA RURAL ALTO CAUNCE
PENSILVANIA;217541001301;INSTITUCION EDUCATIVA LA RIOJA;217541000941;ESCUELA ALEJANDRO GUTIERREZ
PENSILVANIA;217541001301;INSTITUCION EDUCATIVA LA RIOJA;217541000452;ESCUELA RURAL MARCO FIDEL SUAREZ
PENSILVANIA;217541001301;INSTITUCION EDUCATIVA LA RIOJA;217541001301;INSTITUCION EDUCATIVA LA RIOJA - SEDE PRINCIPAL
PENSILVANIA;217541001301;INSTITUCION EDUCATIVA LA RIOJA;217541000436;ESCUELA RURAL SAN PABLO
PENSILVANIA;217541001301;INSTITUCION EDUCATIVA LA RIOJA;217541000347;ESCUELA RURAL MORRON
PENSILVANIA;217541001301;INSTITUCION EDUCATIVA LA RIOJA;217541000495;ESCUELA NUEVA ARMENIA
PENSILVANIA;217541001301;INSTITUCION EDUCATIVA LA RIOJA;217541000461;ESCUELA RURAL LA ESPERANZA
PENSILVANIA;217541001301;INSTITUCION EDUCATIVA LA RIOJA;217541000215;ESCUELA RURAL SAN MIGUEL
PENSILVANIA;217541000649;INSTITUCION EDUCATIVA PABLO VI;217541000649;INSTITUCION EDUCATIVA PABLO VI - SEDE PRINCIPAL
PENSILVANIA;217541000649;INSTITUCION EDUCATIVA PABLO VI;217541000771;ESCUELA RURAL ROBERTO EMILIO GIRALDO
PENSILVANIA;217541000649;INSTITUCION EDUCATIVA PABLO VI;217541000843;ESCUELA RURAL MIXTA SAMARIA
PENSILVANIA;217541000649;INSTITUCION EDUCATIVA PABLO VI;217541001190;ESCUELA RURAL EL BILLAR
PENSILVANIA;217541000649;INSTITUCION EDUCATIVA PABLO VI;217541000177;ESCUELA RURAL MIXTA EL SANDAL
PENSILVANIA;217541000649;INSTITUCION EDUCATIVA PABLO VI;217541000169;ESCUELA RURAL MIXTA LA TORRE
PENSILVANIA;217541000649;INSTITUCION EDUCATIVA PABLO VI;217541001661;ESCUELA RURAL LA LOMA
PENSILVANIA;217541000649;INSTITUCION EDUCATIVA PABLO VI;217541001653;ESCUELA RURAL LA CRUZ
PENSILVANIA;217541000649;INSTITUCION EDUCATIVA PABLO VI;217541000401;ESCUELA RURAL MIXTA CAMPO ALEGRE
PENSILVANIA;217541000649;INSTITUCION EDUCATIVA PABLO VI;217541001220;ESCUELA RURAL EL RECREO
PENSILVANIA;217541000649;INSTITUCION EDUCATIVA PABLO VI;217541001637;ESCUELA RURAL LA MINA
PENSILVANIA;217541000649;INSTITUCION EDUCATIVA PABLO VI;217541000193;ESCUELA RURAL MIXTA VERDAL ALTO
PENSILVANIA;217541000649;INSTITUCION EDUCATIVA PABLO VI;217541000762;ESCUELA RURAL BAJO VERDAL
PENSILVANIA;217541000649;INSTITUCION EDUCATIVA PABLO VI;217541000185;ESCUELA LA ALEJANDRÍA
PENSILVANIA;217541000649;INSTITUCION EDUCATIVA PABLO VI;217541001734;ESCUELA RURAL MIXTA CABILDITOS
RIOSUCIO;217614000278;INSTITUCION EDUCATIVA MARCO FIDEL SUAREZ;217614000278;INSTITUCION EDUCATIVA MARCO FIDEL SUAREZ - SEDE PRINCIPAL
RIOSUCIO;217614000278;INSTITUCION EDUCATIVA MARCO FIDEL SUAREZ;217614001339;ESCUELA RURAL MIXTA EL PORVENIR CAMBIA
RIOSUCIO;217614000278;INSTITUCION EDUCATIVA MARCO FIDEL SUAREZ;217614000081;ESCUELA RURAL ROBLE BONITO
RIOSUCIO;217614000278;INSTITUCION EDUCATIVA MARCO FIDEL SUAREZ;217614000413;ESCUELA RURAL MIXTA EL RUBI
RIOSUCIO;217614000278;INSTITUCION EDUCATIVA MARCO FIDEL SUAREZ;217614000308;ESCUELA DIVINO NIÑO MEXICO
RIOSUCIO;217614000278;INSTITUCION EDUCATIVA MARCO FIDEL SUAREZ;217614000511;ESCUELA RURAL MIXTA LA ARBOLEDA
RIOSUCIO;217614000278;INSTITUCION EDUCATIVA MARCO FIDEL SUAREZ;217614000243;ESCUELA RURAL MIXTA LLANO GRANDE EL ORO
RISARALDA;217616000259;INSTITUCION EDUCATIVA QUIEBRA DE SANTA BARBARA;217616000259;INSTITUCION EDUCATIVA QUIEBRA DE SANTA BARBARA - SEDE PRINCIPAL
RISARALDA;217616000259;INSTITUCION EDUCATIVA QUIEBRA DE SANTA BARBARA;217616000429;ESCUELA LA PATRIA
RISARALDA;217616000259;INSTITUCION EDUCATIVA QUIEBRA DE SANTA BARBARA;217616000054;ESCUELA. SANTA LUCIA
RISARALDA;217616000259;INSTITUCION EDUCATIVA QUIEBRA DE SANTA BARBARA;217616000011;ESCUELA LA ROMELIA
RISARALDA;217616000259;INSTITUCION EDUCATIVA QUIEBRA DE SANTA BARBARA;217616000151;ESCUELA ALTO ARAUCA
RISARALDA;217616000259;INSTITUCION EDUCATIVA QUIEBRA DE SANTA BARBARA;217616000097;ESCUELA LA ESMERALDA
SALAMINA;217653001117;INSTITUCION EDUCATIVA LUIS FELIPE GUTIERREZ LOAIZA;217653000471;SEDE LA PALMA
SALAMINA;217653001117;INSTITUCION EDUCATIVA LUIS FELIPE GUTIERREZ LOAIZA;217653000447;SEDE LA QUIEBRA
SALAMINA;217653001117;INSTITUCION EDUCATIVA LUIS FELIPE GUTIERREZ LOAIZA;217653000102;SEDE TROCADEROS
SALAMINA;217653001117;INSTITUCION EDUCATIVA LUIS FELIPE GUTIERREZ LOAIZA;217653000595;SEDE CURUBITAL
SALAMINA;217653001117;INSTITUCION EDUCATIVA LUIS FELIPE GUTIERREZ LOAIZA;217653000773;SEDE EL CEDRITO
SALAMINA;217653001117;INSTITUCION EDUCATIVA LUIS FELIPE GUTIERREZ LOAIZA;217653001150;SEDE POCITO
SALAMINA;217653001117;INSTITUCION EDUCATIVA LUIS FELIPE GUTIERREZ LOAIZA;217653000269;ESCUELA RURAL LA HERRADURA
SALAMINA;217653001117;INSTITUCION EDUCATIVA LUIS FELIPE GUTIERREZ LOAIZA;217653000277;ESCUELA RURAL LA ARENOSA
SALAMINA;217653001117;INSTITUCION EDUCATIVA LUIS FELIPE GUTIERREZ LOAIZA;217653000439;ESCUELA RURAL AGUILA GRANDE
SALAMINA;217653001117;INSTITUCION EDUCATIVA LUIS FELIPE GUTIERREZ LOAIZA;217653000307;ESCUELA RURAL GUAIMARAL
SALAMINA;217653001117;INSTITUCION EDUCATIVA LUIS FELIPE GUTIERREZ LOAIZA;217653001117;INSTITUCION EDUCATIVA LUIS FELIPE GUTIERREZ LOAIZA - SEDE PRINCIPAL
SALAMINA;217653001117;INSTITUCION EDUCATIVA LUIS FELIPE GUTIERREZ LOAIZA;217653000501;ESCUELA RURAL CAÑAVERAL
SALAMINA;217653001117;INSTITUCION EDUCATIVA LUIS FELIPE GUTIERREZ LOAIZA;217653000480;ESCUELA RURAL PALO SANTO
SALAMINA;217653001117;INSTITUCION EDUCATIVA LUIS FELIPE GUTIERREZ LOAIZA;217653000081;ESCUELA RURAL LA FRISOLERA
SALAMINA;217653001117;INSTITUCION EDUCATIVA LUIS FELIPE GUTIERREZ LOAIZA;217653000919;ESCUELA RURAL LA SELVA
SALAMINA;217653001117;INSTITUCION EDUCATIVA LUIS FELIPE GUTIERREZ LOAIZA;217653000498;ESCUELA RURAL COLORADOS
SALAMINA;217653001117;INSTITUCION EDUCATIVA LUIS FELIPE GUTIERREZ LOAIZA;217653000609;ESCUELA RURAL LA DIVISA
SALAMINA;217653001117;INSTITUCION EDUCATIVA LUIS FELIPE GUTIERREZ LOAIZA;217653000064;ESCUELA RURAL PORTACHUELO
SALAMINA;217653001117;INSTITUCION EDUCATIVA LUIS FELIPE GUTIERREZ LOAIZA;217653000510;ESCUELA RURAL SAN PABLO
SALAMINA;217653000684;INSTITUCION EDUCATIVA SAN FELIX;217653001176;SEDE CABUYAL
SALAMINA;217653000684;INSTITUCION EDUCATIVA SAN FELIX;217653000684;INSTITUCION EDUCATIVA SAN FELIX - SEDE PRINCIPAL
SALAMINA;217653000684;INSTITUCION EDUCATIVA SAN FELIX;217653001168;ESCUELA SAN LUIS
SALAMINA;217653000684;INSTITUCION EDUCATIVA SAN FELIX;217653000820;ESCUELA CAMILO TORRES
SALAMINA;217653000684;INSTITUCION EDUCATIVA SAN FELIX;217653000137;ESCUELA EL PORVENIR
SALAMINA;217653000684;INSTITUCION EDUCATIVA SAN FELIX;217653000897;ESCUELA LA SAMARIA
SALAMINA;217653000684;INSTITUCION EDUCATIVA SAN FELIX;217653001347;ESCUELA RURAL GUAYAQUIL
SAMANÁ;217662000743;INSTITUCION EDUCATIVA SANTA TERESITA;217662001821;ESCUELA RURAL TIBACUY
SAMANÁ;217662000743;INSTITUCION EDUCATIVA SANTA TERESITA;217662002037;ESCUELA RURAL ALTO BONITO
SAMANÁ;217662000964;INSTITUCION EDUCATIVA FELIX NARANJO;217662000514;ESCUELA RURAL LA ALEJANDRÍA
SAMANÁ;217662000964;INSTITUCION EDUCATIVA FELIX NARANJO;217662000921;ESCUELA RURAL BELÉN ALTO
SAMANÁ;217662000964;INSTITUCION EDUCATIVA FELIX NARANJO;217662002266;ESCUELA RURAL BELÉN BAJO
SAMANÁ;217662000964;INSTITUCION EDUCATIVA FELIX NARANJO;217662000964;INSTITUCION EDUCATIVA FELIX NARANJO - SEDE PRINCIPAL
SAMANÁ;217662000964;INSTITUCION EDUCATIVA FELIX NARANJO;217662002223;ESCUELA RURAL EL CASTILLO
SAMANÁ;217662000964;INSTITUCION EDUCATIVA FELIX NARANJO;217662001359;ESCUELA RURAL EL RAYADO
SAMANÁ;217662000964;INSTITUCION EDUCATIVA FELIX NARANJO;217662000506;ESCUELA RURAL VOLCANES
SAMANÁ;217662000964;INSTITUCION EDUCATIVA FELIX NARANJO;217662000948;ESCUELA RURAL SAN ANTONIO
SAMANÁ;217662000964;INSTITUCION EDUCATIVA FELIX NARANJO;217662001774;ESCUELA RURAL DORADAL
SAMANÁ;217662000964;INSTITUCION EDUCATIVA FELIX NARANJO;217662001332;ESCUELA RURAL RISARALDA
SAMANÁ;217662000964;INSTITUCION EDUCATIVA FELIX NARANJO;217662000476;ESCUELA RURAL RIACHUELO BAJO
SAMANÁ;217662000964;INSTITUCION EDUCATIVA FELIX NARANJO;217662002754;ESCUELA RURAL RIACHUELO ALTO
SAMANÁ;217662000964;INSTITUCION EDUCATIVA FELIX NARANJO;217662000905;ESCUELA RURAL LA ESMERALDA
SAMANÁ;217662000964;INSTITUCION EDUCATIVA FELIX NARANJO;217662002215;ESCUELA RURAL CARACOLÍ
SAMANÁ;217662000964;INSTITUCION EDUCATIVA FELIX NARANJO;217662000875;ESCUELA RURAL EL ROSARIO
SAMANÁ;217662000964;INSTITUCION EDUCATIVA FELIX NARANJO;217662002461;ESCUELA NUEVA LA GUAYANA
SAMANÁ;217662000964;INSTITUCION EDUCATIVA FELIX NARANJO;217662000191;ESCUELA NUEVA RURAL LA LINDA
SAMANÁ;217662000964;INSTITUCION EDUCATIVA FELIX NARANJO;217662001588;ESCUELA RURAL LA MENSAJERA
SAMANÁ;217662000964;INSTITUCION EDUCATIVA FELIX NARANJO;217662002509;ESCUELA RURAL LA PRIMAVERA
SAMANÁ;217662000964;INSTITUCION EDUCATIVA FELIX NARANJO;217662001324;ESCUELA RURAL LA SONRISA
SAMANÁ;217662000964;INSTITUCION EDUCATIVA FELIX NARANJO;217662000492;ESCUELA MIXTA JUÁN PABLO II
SAMANÁ;217662000964;INSTITUCION EDUCATIVA FELIX NARANJO;217662002312;ESCUELA RURAL PUEBLO NUEVO
SAMANÁ;217662000964;INSTITUCION EDUCATIVA FELIX NARANJO;217662001715;ESCUELA RURAL ARGENTINA
SAMANÁ;217662000964;INSTITUCION EDUCATIVA FELIX NARANJO;217662001383;ESCUELA EL TESORO
SAMANÁ;217662000964;INSTITUCION EDUCATIVA FELIX NARANJO;217662002495;TARRO PINTADO
SUPÍA;117777000734;INSTITUCION EDUCATIVA SUPIA;117777000335;POLICARPA SALAVARRIETA
SUPÍA;117777000734;INSTITUCION EDUCATIVA SUPIA;117777000734;INSTITUCION EDUCATIVA SUPIA - SEDE PRINCIPAL
SUPÍA;117777000734;INSTITUCION EDUCATIVA SUPIA;117777000378;INSTITUTO NOCTURNO SUPIA
SUPÍA;217777000151;INSTITUCION EDUCATIVA HOJAS ANCHAS;217777000151;INSTITUCIÓN EDUCATIVA HOJAS ANCHAS - SEDE PRINCIPAL
SUPÍA;217777000151;INSTITUCION EDUCATIVA HOJAS ANCHAS;217777000224;ESCUELA RURAL LA ARGENTINA
SUPÍA;217777000151;INSTITUCION EDUCATIVA HOJAS ANCHAS;217777000232;ESCUELA RURAL EL CONTENTO
SUPÍA;217777000151;INSTITUCION EDUCATIVA HOJAS ANCHAS;217777000470;ESCUELA RURAL CARACOLI
SUPÍA;217777000151;INSTITUCION EDUCATIVA HOJAS ANCHAS;217777000275;ESCUELA RURAL LA QUINTA
SUPÍA;217777000151;INSTITUCION EDUCATIVA HOJAS ANCHAS;217777000119;ESCUELA RURAL LA TORRE
SUPÍA;217777000151;INSTITUCION EDUCATIVA HOJAS ANCHAS;217777000194;ESCUELA RURAL EL RODEO
SUPÍA;217777000151;INSTITUCION EDUCATIVA HOJAS ANCHAS;217777000291;ESCUELA RURAL MURILLO
SUPÍA;217777000151;INSTITUCION EDUCATIVA HOJAS ANCHAS;217777000135;ESCUELA RURAL BAJO SAN FRANCISCO
SUPÍA;217777000151;INSTITUCION EDUCATIVA HOJAS ANCHAS;217777000305;CENTRO EDUCATIVO LA LOMA
SUPÍA;217777000151;INSTITUCION EDUCATIVA HOJAS ANCHAS;217777000143;ESCUELA RURAL ANTONIO NARIÑO
SUPÍA;217777000151;INSTITUCION EDUCATIVA HOJAS ANCHAS;217777000178;ESCUELA RURAL LA AMALIA
SUPÍA;217777000151;INSTITUCION EDUCATIVA HOJAS ANCHAS;217777000216;ESCUELA RURAL CABUYAL
SUPÍA;217777000151;INSTITUCION EDUCATIVA HOJAS ANCHAS;217777000402;ESCUELA RURAL LA DIVISA
SUPÍA;217777000151;INSTITUCION EDUCATIVA HOJAS ANCHAS;217777000267;ESCUELA RURAL LA BODEGA
SUPÍA;217777000151;INSTITUCION EDUCATIVA HOJAS ANCHAS;217777000569;ESCUELA RURAL MARIA PIZARRO
SUPÍA;217777000151;INSTITUCION EDUCATIVA HOJAS ANCHAS;217777000666;ESCUELA RURAL SAN JOAQUIN
VICTORIA;117867000164;INSTITUCION EDUCATIVA SAN PABLO;117867000164;INSTITUCION EDUCATIVA SAN PABLO - SEDE PRINCIPAL
VICTORIA;117867000164;INSTITUCION EDUCATIVA SAN PABLO;217867000142;ESCUELA RURAL EL LLANO
VICTORIA;117867000164;INSTITUCION EDUCATIVA SAN PABLO;217867000126;ESCUELA RURAL MARZALA
VICTORIA;117867000164;INSTITUCION EDUCATIVA SAN PABLO;217867000029;ESCUELA RURAL SANTA ISABEL
VICTORIA;117867000164;INSTITUCION EDUCATIVA SAN PABLO;217867000282;ESCUELA RURAL DOÑA JUANA BAJA
VICTORIA;117867000164;INSTITUCION EDUCATIVA SAN PABLO;217867000100;ESCUELA RURAL ANTONIO NARIÑO
VICTORIA;117867000164;INSTITUCION EDUCATIVA SAN PABLO;117867000172;ESCUELA SANTA CECILIA
VITERBO;117877000103;INSTITUCION EDUCATIVA LA MILAGROSA;117877000103;INSTITUCION EDUCATIVA LA MILAGROSA - SEDE PRINCIPAL
VITERBO;117877000103;INSTITUCION EDUCATIVA LA MILAGROSA;117877000065;ESCUELA SEÑORA DE FÁTIMA
VITERBO;117877000103;INSTITUCION EDUCATIVA LA MILAGROSA;117877000057;CONCENTRACIÓN ESCOLAR RAFAEL POMBO
VITERBO;117877000103;INSTITUCION EDUCATIVA LA MILAGROSA;117877000022;COLEGIO FELIX VELEZ GONZALEZ
VITERBO;117877000103;INSTITUCION EDUCATIVA LA MILAGROSA;117877000243;ESCUELA LA MILAGROSA
ANSERMA;217042000166;INSTITUCION EDUCATIVA GOMEZ FERNANDEZ;217042000166;INSTITUCION EDUCATIVA GOMEZ FERNANDEZ - SEDE PRINCIPAL
ANSERMA;217042000166;INSTITUCION EDUCATIVA GOMEZ FERNANDEZ;217042000280;MARTIN DE AMOROTO
ANSERMA;217042000166;INSTITUCION EDUCATIVA GOMEZ FERNANDEZ;217042000221;EL CARMELO
ANSERMA;217042000166;INSTITUCION EDUCATIVA GOMEZ FERNANDEZ;217042000301;FRANCISCO DE FRIAS
ANSERMA;217042000166;INSTITUCION EDUCATIVA GOMEZ FERNANDEZ;217042000697;JOSEFA BECERRA
ANSERMA;217042000166;INSTITUCION EDUCATIVA GOMEZ FERNANDEZ;217042000361;EL POBLADO
ANSERMA;217042000166;INSTITUCION EDUCATIVA GOMEZ FERNANDEZ;217042000930;VILLA DEL CARMEN
ANSERMA;217042000166;INSTITUCION EDUCATIVA GOMEZ FERNANDEZ;217042000191;VERGEL ALTO
ANSERMA;217042000107;INSTITUCION EDUCATIVA OCUZCA;217042000107;INSTITUCION EDUCATIVA OCUZCA - SEDE PRINCIPAL
ANSERMA;217042000107;INSTITUCION EDUCATIVA OCUZCA;217042000085;ACONCHARA
ANSERMA;217042000107;INSTITUCION EDUCATIVA OCUZCA;217042000123;AGUABONITA
ANSERMA;217042000107;INSTITUCION EDUCATIVA OCUZCA;217042000590;ALVARO DE MENDOZA
ANSERMA;217042000107;INSTITUCION EDUCATIVA OCUZCA;217042000387;ANDRÉS MERCADO
ANSERMA;217042000107;INSTITUCION EDUCATIVA OCUZCA;217042000042;ANTONIA SANTOS
ANSERMA;217042000107;INSTITUCION EDUCATIVA OCUZCA;217042000395;CAMPOALEGRE
ANSERMA;217042000107;INSTITUCION EDUCATIVA OCUZCA;217042000182;CHAVARQUÍA
ANSERMA;217042000107;INSTITUCION EDUCATIVA OCUZCA;217042000603;JUAN BAUTISTA SARDELLA
ANSERMA;217042000107;INSTITUCION EDUCATIVA OCUZCA;417042001072;LA MAGDALENA
ANSERMA;217042000107;INSTITUCION EDUCATIVA OCUZCA;217042000760;LA TOLDA
ANSERMA;217042000107;INSTITUCION EDUCATIVA OCUZCA;217042000751;TABLA ROJA
ANSERMA;217042000417;INSTITUCION EDUCATIVA JERONIMO DE TEJELO;217042000417;INSTITUCION EDUCATIVA JERONIMO DE TEJELO - SEDE PRINCIPAL
ANSERMA;217042000417;INSTITUCION EDUCATIVA JERONIMO DE TEJELO;217042000069;CRISTOBAL COLÓN
ANSERMA;217042000417;INSTITUCION EDUCATIVA JERONIMO DE TEJELO;217042001057;MORRO AZUL
ANSERMA;217042000417;INSTITUCION EDUCATIVA JERONIMO DE TEJELO;217042000140;SAN LUIS
ANSERMA;217042000417;INSTITUCION EDUCATIVA JERONIMO DE TEJELO;217042000620;DIEGO DE MENDOZA
ANSERMA;217042000417;INSTITUCION EDUCATIVA JERONIMO DE TEJELO;217042000441;LAS MERCEDES
ARANZAZU;217050000175;INSTITUCION EDUCATIVA JUAN CRISOSTOMO OSORIO;217050000116;CENTRO EDUCATIVO CAMPO ALEGRE
ARANZAZU;217050000175;INSTITUCION EDUCATIVA JUAN CRISOSTOMO OSORIO;217050000060;ESCUELA RURAL BUENOS AIRES
ARANZAZU;217050000175;INSTITUCION EDUCATIVA JUAN CRISOSTOMO OSORIO;217050000477;ESCUELA RURAL SANTA CECILIA
ARANZAZU;217050000175;INSTITUCION EDUCATIVA JUAN CRISOSTOMO OSORIO;217050000175;INSTITUCION EDUCATIVA JUAN CRISOSTOMO OSORIO - SEDE PRINCIPAL
ARANZAZU;217050000175;INSTITUCION EDUCATIVA JUAN CRISOSTOMO OSORIO;217050000345;ESCUELA RURAL CAMELIA BAJA
ARANZAZU;217050000175;INSTITUCION EDUCATIVA JUAN CRISOSTOMO OSORIO;217050000248;ESCUELA RURAL PIO XII
ARANZAZU;217050000175;INSTITUCION EDUCATIVA JUAN CRISOSTOMO OSORIO;217050000396;INSTITUCION EDUCATIVA DIVINO NIÑO
ARANZAZU;217050000175;INSTITUCION EDUCATIVA JUAN CRISOSTOMO OSORIO;217050000451;ESCUELA RURAL SANTACRUZ
ARANZAZU;217050000175;INSTITUCION EDUCATIVA JUAN CRISOSTOMO OSORIO;217050000043;ESCUELA RURAL LA FLORESTA
ARANZAZU;217050000175;INSTITUCION EDUCATIVA JUAN CRISOSTOMO OSORIO;217050000221;ESCUELA RURAL ANTONIA SANTOS
ARANZAZU;217050000175;INSTITUCION EDUCATIVA JUAN CRISOSTOMO OSORIO;217050000361;ESCUELA RURAL EL ROCIO
ARANZAZU;217050000175;INSTITUCION EDUCATIVA JUAN CRISOSTOMO OSORIO;217050000078;ESCUELA RURAL BUENAVISTA
ARANZAZU;217050000175;INSTITUCION EDUCATIVA JUAN CRISOSTOMO OSORIO;217050000141;ESCUELA RURAL SANTA TERESITA
MANZANARES;217433000098;INSTITUCION EDUCATIVA ROMERAL;217433000764;ESCUELA RURAL MIXTA CAMPIÑA
MANZANARES;217433000098;INSTITUCION EDUCATIVA ROMERAL;217433000021;ESCUELA RURAL LA MIEL
MANZANARES;217433000098;INSTITUCION EDUCATIVA ROMERAL;217433000837;ESCUELA NUEVA EL CASTILLO
MANZANARES;217433000098;INSTITUCION EDUCATIVA ROMERAL;217433000128;ESCUELA NUEVA QUEBRADITAS
MANZANARES;217433000098;INSTITUCION EDUCATIVA ROMERAL;217433000098;INSTITUCION EDUCATIVA ROMERAL - SEDE PRINCIPAL
MANZANARES;217433000098;INSTITUCION EDUCATIVA ROMERAL;217433000110;INSTITUCIÓN EDUCATIVA LA UNIÓN
MARMATO;217442000041;INSTITUCION EDUCATIVA CABRAS;217442000190;ESCUELA LA LOMA
MARMATO;217442000041;INSTITUCION EDUCATIVA CABRAS;217442000165;ESCUELA LA PORTADA
MARMATO;217442000041;INSTITUCION EDUCATIVA CABRAS;217442000149;ESCUELA GUADUALEJO
MARMATO;217442000041;INSTITUCION EDUCATIVA CABRAS;217442000041;INSTITUCION EDUCATIVA CABRAS - SEDE PRINCIPAL
MARMATO;217442000041;INSTITUCION EDUCATIVA CABRAS;217442000297;ESCUELA CONCHARI
MARQUETALIA;117444000044;INSTITUCION EDUCATIVA ESCUELA NORMAL SUPERIOR NUESTRA SENORA DE LA CANDELARIA;117444000044;INSTITUCION EDUCATIVA ESCUELA NORMAL SUPERIOR NUESTRA SENORA DE LA CANDELARIA - SEDE PRINCIPAL
MARQUETALIA;117444000044;INSTITUCION EDUCATIVA ESCUELA NORMAL SUPERIOR NUESTRA SENORA DE LA CANDELARIA;117444000061;ESCUELA ANEXA SANTA MONICA
MARQUETALIA;117444000044;INSTITUCION EDUCATIVA ESCUELA NORMAL SUPERIOR NUESTRA SENORA DE LA CANDELARIA;117444000532;ESCUELA SAN VICENTE
MARQUETALIA;217444000821;INSTITUCION EDUCATIVA ANTONIO MARIA HINCAPIE;217444000197;CENTRO EDUCATIVO GUARINO GUAMO
MARQUETALIA;217444000821;INSTITUCION EDUCATIVA ANTONIO MARIA HINCAPIE;217444000154;ESCUELA EL ROSARIO
MARQUETALIA;217444000821;INSTITUCION EDUCATIVA ANTONIO MARIA HINCAPIE;217444000499;ESCUELA RURAL EL PALMAR
MARQUETALIA;217444000821;INSTITUCION EDUCATIVA ANTONIO MARIA HINCAPIE;217444000693;ESCUELA ALTO BONITO
MARQUETALIA;217444000821;INSTITUCION EDUCATIVA ANTONIO MARIA HINCAPIE;217444000821;INSTITUCION EDUCATIVA ANTONIO MARIA HINCAPIE - SEDE PRINCIPAL
MARQUETALIA;217444000821;INSTITUCION EDUCATIVA ANTONIO MARIA HINCAPIE;217444000014;ESCUELA RULAR SANTA ELENA
MARQUETALIA;217444000821;INSTITUCION EDUCATIVA ANTONIO MARIA HINCAPIE;217444000120;ESCUELA RURAL EL VERGEL
MARQUETALIA;217444000821;INSTITUCION EDUCATIVA ANTONIO MARIA HINCAPIE;217444000308;ESCUELA RURAL SAN ROQUE
MARQUETALIA;217444000821;INSTITUCION EDUCATIVA ANTONIO MARIA HINCAPIE;217444000740;ESCUELA RURAL LA BELLA
MARQUETALIA;217444000821;INSTITUCION EDUCATIVA ANTONIO MARIA HINCAPIE;217444000588;ESCUELA GUARINO SAN ROQUE
MARQUETALIA;217444000821;INSTITUCION EDUCATIVA ANTONIO MARIA HINCAPIE;217444000685;ESCUELA RURAL LA MIRLA
MARQUETALIA;217444000821;INSTITUCION EDUCATIVA ANTONIO MARIA HINCAPIE;217444000189;ESCUELA RURAL GUACAS
MARQUETALIA;217444000821;INSTITUCION EDUCATIVA ANTONIO MARIA HINCAPIE;217444000367;ESCUELA RURAL GANCHO
MARQUETALIA;217444000821;INSTITUCION EDUCATIVA ANTONIO MARIA HINCAPIE;217444000324;ESUELA LA MOSCOVITA
MARQUETALIA;217444000821;INSTITUCION EDUCATIVA ANTONIO MARIA HINCAPIE;217444000111;ESCUELA RURAL EL RETIRO
MARQUETALIA;217444000821;INSTITUCION EDUCATIVA ANTONIO MARIA HINCAPIE;217444000634;ESCUELA RURAL SAN PABLO
NEIRA;217486000391;INSTITUCION EDUCATIVA PIO XII;217486000391;INSTITUCION EDUCATIVA PIO XII - SEDE PRINCIPAL
NEIRA;217486000391;INSTITUCION EDUCATIVA PIO XII;217486000839;ESCUELA MIGUEL DE CERVANTES SAAVEDRA
NEIRA;217486000391;INSTITUCION EDUCATIVA PIO XII;217486000413;ESCUELA LA GRAN COLOMBIA
NEIRA;217486000391;INSTITUCION EDUCATIVA PIO XII;217486000707;ESCUELA JESÚS ANTONIO CARDONA
NEIRA;217486000391;INSTITUCION EDUCATIVA PIO XII;217486000545;ESCUELA SANTA TERESA DE JESÚS
NEIRA;217486000391;INSTITUCION EDUCATIVA PIO XII;217486000472;ESCUELA MERCEDES ABREGO
NEIRA;217486000391;INSTITUCION EDUCATIVA PIO XII;217486000146;ESCUELA SIMÓN BOLIVAR
NEIRA;217486000391;INSTITUCION EDUCATIVA PIO XII;217486000197;ESCUELA MARCO FIDEL SUAREZ
NEIRA;217486000391;INSTITUCION EDUCATIVA PIO XII;217486000855;ESCUELA SANTA LUCIA
PALESTINA;217524000236;INSTITUCION EDUCATIVA CARTAGENA;217524000236;INSTITUCIÓN EDUCATIVA CARTAGENA - SEDE PRINCIPAL
PALESTINA;217524000236;INSTITUCION EDUCATIVA CARTAGENA;217524000228;ESCUELA RURAL EL SALADO
PALESTINA;217524000236;INSTITUCION EDUCATIVA CARTAGENA;217524000066;ESCUELA NUEVA LA INQUISICIÓN
PALESTINA;217524000236;INSTITUCION EDUCATIVA CARTAGENA;217524000287;ESCUELA RURAL MIXTA VENTIADEROS
PALESTINA;217524000236;INSTITUCION EDUCATIVA CARTAGENA;217524000325;CENTRO EDUCATIVO LA MERCED ALTA
PENSILVANIA;217541000355;INSTITUCION EDUCATIVA SANTA RITA;217541000240;ESCUELA NUEVA LOS POMOS
PENSILVANIA;217541000355;INSTITUCION EDUCATIVA SANTA RITA;217541000428;ESCUELA MARIA TENERIFE
PENSILVANIA;217541000355;INSTITUCION EDUCATIVA SANTA RITA;217541000355;INSTITUCIÓN EDUCATIVA SANTA RITA - SEDE PRINCIPAL
PENSILVANIA;217541000355;INSTITUCION EDUCATIVA SANTA RITA;217541000541;ESCUELA RURAL PABLO EMILIO DUQUE
PENSILVANIA;217541000355;INSTITUCION EDUCATIVA SANTA RITA;217541000525;ESCUELA RURAL MISAEL PASTRANA BORRERO
PENSILVANIA;217541000355;INSTITUCION EDUCATIVA SANTA RITA;217541000339;ESCUELA RURAL LA MARINA
PENSILVANIA;217541000355;INSTITUCION EDUCATIVA SANTA RITA;217541001050;ESCUELA RURAL LOS MEDIOS
PENSILVANIA;217541000355;INSTITUCION EDUCATIVA SANTA RITA;217541000321;ESCUELA RURAL SANTA ANA
SALAMINA;217653000625;INSTITUCION EDUCATIVA EL PERRO;217653000285;SEDE EN MEDIO DE LOS RIOS
SALAMINA;217653000625;INSTITUCION EDUCATIVA EL PERRO;217653000021;SEDE ALVARO SERNA BOTERO
SALAMINA;217653000625;INSTITUCION EDUCATIVA EL PERRO;217653000960;SEDE EL CHAMIZO
SALAMINA;217653000625;INSTITUCION EDUCATIVA EL PERRO;217653000617;SEDE LAS DELGADITAS
SALAMINA;217653000625;INSTITUCION EDUCATIVA EL PERRO;217653001087;SEDE EL CARRETERO
SALAMINA;217653000625;INSTITUCION EDUCATIVA EL PERRO;217653000579;SEDE LOS ANGELES
SALAMINA;217653000625;INSTITUCION EDUCATIVA EL PERRO;217653000374;SEDE ELADIA MEJIA 
SALAMINA;217653000625;INSTITUCION EDUCATIVA EL PERRO;217653000358;SEDE LOS MANGOS
SALAMINA;217653000625;INSTITUCION EDUCATIVA EL PERRO;217653000340;SEDE CALENTADEROS
SALAMINA;217653000625;INSTITUCION EDUCATIVA EL PERRO;217653000587;SEDE GUAYABAL
SALAMINA;217653000625;INSTITUCION EDUCATIVA EL PERRO;217653000145;SEDE LA FLORA
SALAMINA;217653000625;INSTITUCION EDUCATIVA EL PERRO;217653001061;SEDE LA INDIA
SALAMINA;217653000625;INSTITUCION EDUCATIVA EL PERRO;217653000323;SEDE LA LOMA
SALAMINA;217653000625;INSTITUCION EDUCATIVA EL PERRO;217653000625;INSTITUCIÓN EDUCATIVA EL PERRO - SEDE PRINCIPAL
SALAMINA;217653000625;INSTITUCION EDUCATIVA EL PERRO;217653000421;SEDE AMOLADORA GRANDE
SALAMINA;217653000625;INSTITUCION EDUCATIVA EL PERRO;217653000331;SEDE AMOLADORAPEQUEÑA
SALAMINA;217653000625;INSTITUCION EDUCATIVA EL PERRO;217653000382;SEDE LOS NARANJOS
SALAMINA;217653000625;INSTITUCION EDUCATIVA EL PERRO;217653000927;SEDE LA ALBANIA
SALAMINA;217653000625;INSTITUCION EDUCATIVA EL PERRO;217653000030;SEDE SAN DIEGO
SALAMINA;217653000625;INSTITUCION EDUCATIVA EL PERRO;217653000099;SEDE LOS LIMONES
SAMANÁ;217662001952;INSTITUCION EDUCATIVA BERLIN;217662001952;INSTITUCION EDUCATIVA BERLIN - SEDE PRINCIPAL
SAMANÁ;217662001952;INSTITUCION EDUCATIVA BERLIN;217662000603;ESCUELA CRISTOBAL COLÓN
SAMANÁ;217662001952;INSTITUCION EDUCATIVA BERLIN;217662001987;ESCUELA RURAL MIXTA ALTO SAN JUÁN
SAMANÁ;217662001952;INSTITUCION EDUCATIVA BERLIN;217662000867;ESCUELA RURAL MIXTA BUENA VISTA ALTA
SAMANÁ;217662001952;INSTITUCION EDUCATIVA BERLIN;217662002789;ESCUELA RURAL MIXTA LA BALSA
SAMANÁ;217662001952;INSTITUCION EDUCATIVA BERLIN;217662001006;ESCUELA NUEVA LA MENCIA
SAMANÁ;217662001952;INSTITUCION EDUCATIVA BERLIN;217662002657;ESCUELA RURAL ROMAZONES
SUPÍA;117777000432;INSTITUCION EDUCATIVA SAN VICTOR;217777000313;ESCUELA MARISCAL ROBLEDO
SUPÍA;117777000432;INSTITUCION EDUCATIVA SAN VICTOR;117777000432;INSTITUCION EDUCATIVA SAN VICTOR - SEDE PRINCIPAL
VILLAMARÍA;117873000168;INSTITUCION EDUCATIVA GERARDO ARIAS RAMIREZ;117873000168;INSTITUCION EDUCATIVA GERARDO ARIAS RAMIREZ - SEDE PRINCIPAL
VILLAMARÍA;117873000168;INSTITUCION EDUCATIVA GERARDO ARIAS RAMIREZ;117873000320;ESCUELA JHON F. KENNEDY
VILLAMARÍA;117873000168;INSTITUCION EDUCATIVA GERARDO ARIAS RAMIREZ;217873000251;CENTRO DOCENTE LA FLORESTA
VILLAMARÍA;217873000375;INSTITUCION EDUCATIVA COLOMBIA;217873000375;INSTITUCION EDUCATIVA COLOMBIA - SEDE PRINCIPAL
VILLAMARÍA;217873000375;INSTITUCION EDUCATIVA COLOMBIA;217873000278;ESCUELA RURAL SANTO DOMINGO
VILLAMARÍA;217873000375;INSTITUCION EDUCATIVA COLOMBIA;217873000715;ESCUELA RURAL POTOSI
VILLAMARÍA;217873000375;INSTITUCION EDUCATIVA COLOMBIA;217873000219;CENTRO EDUCATIVO ANTONIO NARIÑO
VILLAMARÍA;217873000375;INSTITUCION EDUCATIVA COLOMBIA;217873000260;ESCUELA RURAL MARIA REINA
VILLAMARÍA;217873000375;INSTITUCION EDUCATIVA COLOMBIA;217873000081;ESCUELA ALTO EL CASTILLO
VILLAMARÍA;217873000375;INSTITUCION EDUCATIVA COLOMBIA;217873000936;ESCUELA RURAL MARIA AUXILIADORA
VILLAMARÍA;217873000375;INSTITUCION EDUCATIVA COLOMBIA;217873000286;ESCUELA RURAL VALLES
VILLAMARÍA;217873000375;INSTITUCION EDUCATIVA COLOMBIA;217873000111;ESCUELA RURAL LONDOÑO JARAMILLO
VITERBO;217877000086;INSTITUCION EDUCATIVA EL SOCORRO;217877000078;ESCUELA RURAL EL PALMAR
VITERBO;217877000086;INSTITUCION EDUCATIVA EL SOCORRO;217877000256;ESCUELA RURAL BELLAVISTA
VITERBO;217877000086;INSTITUCION EDUCATIVA EL SOCORRO;217877000141;ESCUELA RURAL LA ARABIA
VITERBO;217877000086;INSTITUCION EDUCATIVA EL SOCORRO;217877000132;ESCUELA NUEVA LA MARIA
VITERBO;217877000086;INSTITUCION EDUCATIVA EL SOCORRO;217877000175;ESCUELA RURAL CHANGUI
VITERBO;217877000086;INSTITUCION EDUCATIVA EL SOCORRO;217877000043;ESCUELA RURAL LA TESALIA
VITERBO;217877000086;INSTITUCION EDUCATIVA EL SOCORRO;217877000086;INSTITUCION EDUCATIVA EL SOCORRO - SEDE PRINCIPAL
VITERBO;217877000086;INSTITUCION EDUCATIVA EL SOCORRO;217877000124;ESCUELA RURAL LA ALSACIA
VITERBO;217877000086;INSTITUCION EDUCATIVA EL SOCORRO;217877000027;ESCUELA RURAL EL PORVENIR
VITERBO;217877000086;INSTITUCION EDUCATIVA EL SOCORRO;217877000167;ESCUELA NUEVA CANAAN
VITERBO;217877000086;INSTITUCION EDUCATIVA EL SOCORRO;217877000035;ESCUELA RURAL EL GRANADILLO
VITERBO;217877000086;INSTITUCION EDUCATIVA EL SOCORRO;217877000183;ESCUELA RURAL LA LINDA
AGUADAS;217013000742;INSTITUCION EDUCATIVA LA MERMITA;217013000742;INSTITUCION EDUCATIVA LA MERMITA - SEDE PRINCIPAL
AGUADAS;217013000742;INSTITUCION EDUCATIVA LA MERMITA;217013000475;CAÑAVERAL
AGUADAS;217013000742;INSTITUCION EDUCATIVA LA MERMITA;217013000271;LA RUEDA
AGUADAS;217013000742;INSTITUCION EDUCATIVA LA MERMITA;217013000971;PISAMAL
AGUADAS;217013000742;INSTITUCION EDUCATIVA LA MERMITA;217013000661;GUAYABAL
AGUADAS;217013000742;INSTITUCION EDUCATIVA LA MERMITA;217013000637;GUACO
AGUADAS;217013000742;INSTITUCION EDUCATIVA LA MERMITA;217013000254;MALABRIGO
AGUADAS;217013000742;INSTITUCION EDUCATIVA LA MERMITA;217013000572;EL LLANO
AGUADAS;217013000742;INSTITUCION EDUCATIVA LA MERMITA;217013000645;GUAIMARAL
AGUADAS;217013000742;INSTITUCION EDUCATIVA LA MERMITA;217013000211;MONTERREDONDO
AGUADAS;217013000742;INSTITUCION EDUCATIVA LA MERMITA;217013000955;EL DIAMANTE
AGUADAS;217013000742;INSTITUCION EDUCATIVA LA MERMITA;217013000050;SAN MARTIN
AGUADAS;217013000742;INSTITUCION EDUCATIVA LA MERMITA;217013000530;EL POMO
AGUADAS;117013001167;INSTITUCION EDUCATIVA ESCUELA  NORMAL SUPERIOR CLAUDINA MUNERA;117013001167;INSTITUCION EDUCATIVA ESCUELA  NORMAL SUPERIOR CLAUDINA MUNERA - SEDE PRINCIPAL
AGUADAS;117013001167;INSTITUCION EDUCATIVA ESCUELA  NORMAL SUPERIOR CLAUDINA MUNERA;117013000373;ESCUELA NORMAL SUPERIOR CLAUDINA MÚNERA (ANEXA)
AGUADAS;117013001167;INSTITUCION EDUCATIVA ESCUELA  NORMAL SUPERIOR CLAUDINA MUNERA;117013001322;CENTRO DE EDUCACION CONTINUADA
AGUADAS;117013001086;INSTITUCION EDUCATIVA ROBERTO PELAEZ;117013000322;PREESCOLAR Y BASICA PRIMARIA DIVINO NIÑO
AGUADAS;117013001086;INSTITUCION EDUCATIVA ROBERTO PELAEZ;117013001086;INSTITUCION EDUCATIVA ROBERTO PELAEZ - SEDE PRINCIPAL
AGUADAS;217013001111;INSTITUCION EDUCATIVA VIBORAL;217013001111;INSTITUCION EDUCATIVA VIBORAL - SEDE PRINCIPAL
AGUADAS;217013001111;INSTITUCION EDUCATIVA VIBORAL;217013000017;SEDE VIBORAL
AGUADAS;217013001111;INSTITUCION EDUCATIVA VIBORAL;217013000491;SEDE COLORADOS
AGUADAS;217013001111;INSTITUCION EDUCATIVA VIBORAL;217013000181;SEDE PEÑOLES
AGUADAS;217013001111;INSTITUCION EDUCATIVA VIBORAL;217013000106;SEDE SAN PABLO
AGUADAS;217013001111;INSTITUCION EDUCATIVA VIBORAL;217013000688;SEDE LA BLANQUITA
AGUADAS;217013001111;INSTITUCION EDUCATIVA VIBORAL;217013000700;SEDE LA CASTRILLONA
ANSERMA;117042000561;INSTITUCION EDUCATIVA DE OCCIDENTE;117042000501;ESCUELA ANTONIO JOSE DE SUCRE
ANSERMA;117042000561;INSTITUCION EDUCATIVA DE OCCIDENTE;117042000528;ESCUELA CELMIRA PIEDRAHITA
ANSERMA;117042000561;INSTITUCION EDUCATIVA DE OCCIDENTE;117042000561;INSTITUCION EDUCATIVA DE OCCIDENTE - SEDE PRINCIPAL
ANSERMA;117042000561;INSTITUCION EDUCATIVA DE OCCIDENTE;117042000536;ESCUELA CESAR AGUDELO
ANSERMA;117042000561;INSTITUCION EDUCATIVA DE OCCIDENTE;117042000498;ESCUELA SAN JOSE
ANSERMA;117042000650;INSTITUCION EDUCATIVA ESCUELA NORMAL SUPERIOR REBECA SIERRA CARDONA;117042000650;INSTITUCION EDUCATIVA ESCUELA NORMAL SUPERIOR REBECA SIERRA CARDONA - SEDE PRINCIPAL
ANSERMA;117042000650;INSTITUCION EDUCATIVA ESCUELA NORMAL SUPERIOR REBECA SIERRA CARDONA;117042000465;ANEXA A LA NORMAL
BELALCÁZAR;217088000535;INSTITUCION EDUCATIVA SAN ISIDRO;217088000039;ESCUELA NUEVA BUENAVISTA
BELALCÁZAR;217088000535;INSTITUCION EDUCATIVA SAN ISIDRO;217088000314;ESCUELA EL CRUCERO
BELALCÁZAR;217088000535;INSTITUCION EDUCATIVA SAN ISIDRO;217088000292;ESCUELA LA ROMELIA
BELALCÁZAR;217088000535;INSTITUCION EDUCATIVA SAN ISIDRO;217088000195;ESCUELA NUEVA LA TURQUEZA
BELALCÁZAR;217088000535;INSTITUCION EDUCATIVA SAN ISIDRO;217088000390;ESCUELA NUEVA SAN LUIS
BELALCÁZAR;217088000535;INSTITUCION EDUCATIVA SAN ISIDRO;217088000080;ESCUELA SAN ISIDRO
BELALCÁZAR;217088000535;INSTITUCION EDUCATIVA SAN ISIDRO;217088000535;INSTITUCIÓN EDUCATIVA SAN ISIDRO - SEDE PRINCIPAL
BELALCÁZAR;217088000535;INSTITUCION EDUCATIVA SAN ISIDRO;217088000101;LA HABANA
BELALCÁZAR;217088000535;INSTITUCION EDUCATIVA SAN ISIDRO;217088000381;ESCUELA NUEVA EL SOCORRO
BELALCÁZAR;217088000535;INSTITUCION EDUCATIVA SAN ISIDRO;217088000012;ESCUELA NUEVA LA FLORIDA
BELALCÁZAR;217088000535;INSTITUCION EDUCATIVA SAN ISIDRO;217088000268;ESCUELA LAS DELICIAS
BELALCÁZAR;217088000535;INSTITUCION EDUCATIVA SAN ISIDRO;217088000225;ESCUELA MONTERREDONDO
CHINCHINÁ;217174000432;INSTITUCION EDUCATIVA EL TREBOL;217174000211;ESCUELA NUEVA GABRIELA MISTRAL
CHINCHINÁ;217174000432;INSTITUCION EDUCATIVA EL TREBOL;217174000432;INSTITUCIÓN EDUCATIVA EL TREBOL - SEDE PRINCIPAL
CHINCHINÁ;217174000432;INSTITUCION EDUCATIVA EL TREBOL;217174000165;ESCUELA NUEVA JOSE MARIA CORDOBA
CHINCHINÁ;217174000432;INSTITUCION EDUCATIVA EL TREBOL;217174000378;ESCUELA RURAL MARCO FIDEL SUAREZ
CHINCHINÁ;217174000432;INSTITUCION EDUCATIVA EL TREBOL;217174000238;ESCUELA RURAL MIXTA BAJO ESPAÑOL
CHINCHINÁ;217174000432;INSTITUCION EDUCATIVA EL TREBOL;217174000246;ESCUELA RURAL SAN FRANCISCO
CHINCHINÁ;217174000432;INSTITUCION EDUCATIVA EL TREBOL;217174000220;ESCUELA RURAL EL TREBOL
CHINCHINÁ;217174000432;INSTITUCION EDUCATIVA EL TREBOL;217174000645;ESCUELA RURAL SANTA HELENA
CHINCHINÁ;117174000616;INSTITUCION EDUCATIVA SANTO DOMINGO SAVIO;117174000501;FUNDACIÓN CARTON DE COLOMBIA
CHINCHINÁ;117174000616;INSTITUCION EDUCATIVA SANTO DOMINGO SAVIO;117174000381;CENTRO EDUCATIVO JHON F. KENNEDY
CHINCHINÁ;117174000616;INSTITUCION EDUCATIVA SANTO DOMINGO SAVIO;117174000616;INSTITUCION EDUCATIVA SANTO DOMINGO SAVIO - SEDE PRINCIPAL
CHINCHINÁ;117174000616;INSTITUCION EDUCATIVA SANTO DOMINGO SAVIO;117174000071;CONCENTRACIÓN GENERAL SANTANDER
LA DORADA;117380000843;INSTITUCION EDUCATIVA TÉCNICA ALFONSO LOPEZ;117380000321;ESCUELA LOS LAURELES
LA DORADA;117380000843;INSTITUCION EDUCATIVA TÉCNICA ALFONSO LOPEZ;117380000207;ESCUELA MIGUEL DE CERVANTES SAAVEDRA
LA DORADA;117380000843;INSTITUCION EDUCATIVA TÉCNICA ALFONSO LOPEZ;117380000843;INSTITUCION EDUCATIVA ALFONSO LOPEZ - SEDE PRINCIPAL
LA DORADA;117380000843;INSTITUCION EDUCATIVA TÉCNICA ALFONSO LOPEZ;117380000142;CONCENTRACION ESCOLAR LA CONCORDIA
LA DORADA;117380000843;INSTITUCION EDUCATIVA TÉCNICA ALFONSO LOPEZ;117380000118;ESCUELA LA GRAN COLOMBIA
MANZANARES;117433000379;INSTITUCION EDUCATIVA MANZANARES;117433000379;INSTITUCION EDUCATIVA MANZANARES - SEDE PRINCIPAL
MANZANARES;117433000379;INSTITUCION EDUCATIVA MANZANARES;117433000484;COLEGIO NOCTURNO FRANCISCO JOSE DE CALDAS
MANZANARES;117433000379;INSTITUCION EDUCATIVA MANZANARES;117433000336;CONCENTRACIÓN SAN LUIS GONZAGA
MANZANARES;117433000379;INSTITUCION EDUCATIVA MANZANARES;217433000080;ESCUELA NUEVA SANTA CLARA
MARQUETALIA;117444000818;INSTITUCION EDUCATIVA JUAN XXIII;117444000818;INSTITUCION EDUCATIVA JUAN XXIII - SEDE PRINCIPAL
MARQUETALIA;117444000818;INSTITUCION EDUCATIVA JUAN XXIII;117444000052;CONCENTRACIÓN ESCOLAR CERVANTES
MARQUETALIA;117444000818;INSTITUCION EDUCATIVA JUAN XXIII;117444000672;ESCUELA RURAL MIXTA LOS ANDES
MARQUETALIA;117444000818;INSTITUCION EDUCATIVA JUAN XXIII;117444000451;INSTITUTO NOCTURNO CAMILO TORRES
NEIRA;117486000877;INSTITUCION EDUCATIVA NEIRA;117486000877;INSTITUCIÓN EDUCATIVA NEIRA - SEDE PRINCIPAL
NEIRA;117486000877;INSTITUCION EDUCATIVA NEIRA;117486000028;ESCUELA JOSÉ MARÍA CÓRDOBA
NEIRA;117486000877;INSTITUCION EDUCATIVA NEIRA;117486000800;ESCUELA LA CASTELLANA
NEIRA;217486000791;INSTITUCION EDUCATIVA EL ROBLE;217486000821;ESCUELA SAN PABLO
NEIRA;217486000791;INSTITUCION EDUCATIVA EL ROBLE;217486000421;ESCUELA JUAN JOSÉ NEIRA
NEIRA;217486000791;INSTITUCION EDUCATIVA EL ROBLE;217486000090;ESCUELA MIGUEL ANGEL VILLEGAS
NEIRA;217486000791;INSTITUCION EDUCATIVA EL ROBLE;217486000791;INSTITUCION EDUCATIVA EL ROBLE - SEDE PRINCIPAL
NEIRA;217486000791;INSTITUCION EDUCATIVA EL ROBLE;217486000456;ESCUELA LA INMACULADA
NEIRA;217486000791;INSTITUCION EDUCATIVA EL ROBLE;217486000448;ESCUELA SANTA ELENA
NEIRA;217486000791;INSTITUCION EDUCATIVA EL ROBLE;217486000286;ESCUELA ATANASIO GIRARDOT
NEIRA;217486000791;INSTITUCION EDUCATIVA EL ROBLE;217486000324;ESCUELA RAFAEL REYES
NEIRA;217486000791;INSTITUCION EDUCATIVA EL ROBLE;217486000308;ESCUELA SAN LUIS GONZAGA
NEIRA;217486000651;INSTITUCION EDUCATIVA PUEBLO RICO;217486000651;INSTITUCION EDUCATIVA PUEBLO RICO - SEDE PRINCIPAL
NEIRA;217486000651;INSTITUCION EDUCATIVA PUEBLO RICO;217486000235;ESCUELA SANTA CECILIA
NEIRA;217486000651;INSTITUCION EDUCATIVA PUEBLO RICO;217486000332;ESCUELA SANTA INÉS
NEIRA;217486000651;INSTITUCION EDUCATIVA PUEBLO RICO;217486000081;ESCUELA JUAN XXIII
NEIRA;217486000651;INSTITUCION EDUCATIVA PUEBLO RICO;217486000316;ESCUELA EMIGDIO MARÍN
NEIRA;217486000651;INSTITUCION EDUCATIVA PUEBLO RICO;217486000278;ESCUELA LAS AMÉRICAS
NEIRA;217486000651;INSTITUCION EDUCATIVA PUEBLO RICO;217486000103;ESCUELA PABLO VI
PÁCORA;117513000469;INSTITUCION EDUCATIVA ESCUELA NORMAL SUPERIOR SAN JOSE;117513000469;INSTITUCION EDUCATIVA ESCUELA NORMAL SUPERIOR SAN JOSE - SEDE PRINCIPAL
PÁCORA;117513000469;INSTITUCION EDUCATIVA ESCUELA NORMAL SUPERIOR SAN JOSE;117513000477;ESCUELA ANEXA A LA NORMAL SAN JOSE
PÁCORA;217513000561;INSTITUCION EDUCATIVA MARISCAL ROBLEDO;217513000561;INSTITUCION EDUCATIVA MARISCAL ROBLEDO - SEDE PRINCIPAL
PÁCORA;217513000561;INSTITUCION EDUCATIVA MARISCAL ROBLEDO;217513000196;ESCUELA RURAL JORGE ROBLEDO
PÁCORA;217513000561;INSTITUCION EDUCATIVA MARISCAL ROBLEDO;217513000358;CENTRO EDUCATIVO EL RODEO
PÁCORA;217513000561;INSTITUCION EDUCATIVA MARISCAL ROBLEDO;217513000081;ESCUELA RURAL SAN JUAN BOSCO
PÁCORA;217513000561;INSTITUCION EDUCATIVA MARISCAL ROBLEDO;217513000307;CENTRO EDUCUCATIVO JUAN GREGORIO ISAZA
PÁCORA;217513000561;INSTITUCION EDUCATIVA MARISCAL ROBLEDO;217513800011;SEDE SANTA TERESITA
PALESTINA;217524000392;INSTITUCION EDUCATIVA JOSE MARIA CARBONELL;217524000392;INSTITUCION EDUCATIVA JOSE MARIA CARBONELL - SEDE PRINCIPAL
PALESTINA;217524000392;INSTITUCION EDUCATIVA JOSE MARIA CARBONELL;217524000139;CENTRO EDUCATIVO EL REPOSO
PALESTINA;217524000392;INSTITUCION EDUCATIVA JOSE MARIA CARBONELL;217524000147;ESCUELA MIXTA LOS LOBOS
PALESTINA;217524000392;INSTITUCION EDUCATIVA JOSE MARIA CARBONELL;217524000074;ESCUELA RURAL EL HIGUERON
PALESTINA;217524000392;INSTITUCION EDUCATIVA JOSE MARIA CARBONELL;217524000121;ESCUELA NUEVA LA HERMELLA
PALESTINA;217524000392;INSTITUCION EDUCATIVA JOSE MARIA CARBONELL;217524000155;ESCUELA NUEVA BUENA VISTA
PALESTINA;217524000392;INSTITUCION EDUCATIVA JOSE MARIA CARBONELL;217524000023;ESCUELA LA PLATA
PALESTINA;117524000118;INSTITUCION EDUCATIVA LA SAGRADA FAMILIA;117524000118;INSTITUCION EDUCATIVA LA SAGRADA FAMILIA - SEDE PRINCIPAL
PALESTINA;117524000118;INSTITUCION EDUCATIVA LA SAGRADA FAMILIA;117524000177;CENTRO EDUCATIVO ANTONIO NARIÑO
PALESTINA;117524000118;INSTITUCION EDUCATIVA LA SAGRADA FAMILIA;117524000169;ESCUELA POLICARPA SALAVARRIETA
PENSILVANIA;217541001360;INSTITUCION EDUCATIVA CAMILO OLIMPO CARDONA;217541001408;ESCUELA RURAL JUAN PABLO SEGUNDO
PENSILVANIA;217541001360;INSTITUCION EDUCATIVA CAMILO OLIMPO CARDONA;217541001360;INSTITUCION EDUCATIVA CAMILO OLIMPO CARDONA - SEDE PRINCIPAL
PENSILVANIA;217541001360;INSTITUCION EDUCATIVA CAMILO OLIMPO CARDONA;217541000100;CONCENTRACIÓN ESCOLAR EL HIGUERÓN
PENSILVANIA;217541001360;INSTITUCION EDUCATIVA CAMILO OLIMPO CARDONA;217541000070;ESCUELA RURAL LA ASUNCIÓN
PENSILVANIA;217541001360;INSTITUCION EDUCATIVA CAMILO OLIMPO CARDONA;217541000088;CENTRO EDUCATIVO SOLEDAD ALTA
PENSILVANIA;217541001360;INSTITUCION EDUCATIVA CAMILO OLIMPO CARDONA;217541000819;ESCUELA NUEVA ANTONIO RICAURTE
PENSILVANIA;217541001360;INSTITUCION EDUCATIVA CAMILO OLIMPO CARDONA;217541000118;ESCUELA NUEVA ALBANIA ALTA
PENSILVANIA;217541001360;INSTITUCION EDUCATIVA CAMILO OLIMPO CARDONA;217541001335;CENTRO EDUCATIVO ALBANIA BAJA
PENSILVANIA;217541001360;INSTITUCION EDUCATIVA CAMILO OLIMPO CARDONA;217541000223;ESCUELA NUEVA EL JARDIN
PENSILVANIA;217541001360;INSTITUCION EDUCATIVA CAMILO OLIMPO CARDONA;217541001599;ESCUELA NUEVA LA BAMBA
PENSILVANIA;217541001360;INSTITUCION EDUCATIVA CAMILO OLIMPO CARDONA;217541000835;ESCUELA NUEVA LA MESA
PENSILVANIA;217541001360;INSTITUCION EDUCATIVA CAMILO OLIMPO CARDONA;217541000061;ESCUELA NUEVA BARRETO
RIOSUCIO;217614000456;INSTITUCION EDUCATIVA SAN JERONIMO;217614000456;INSTITUCION EDUCATIVA SAN JERONIMO - SEDE PRINCIPAL
RIOSUCIO;217614000456;INSTITUCION EDUCATIVA SAN JERONIMO;217614000821;ESCUELA RURAL MIXTA LOMITAS
RIOSUCIO;217614000456;INSTITUCION EDUCATIVA SAN JERONIMO;217614000863;ESCUELA NUEVA SISIRRA
RIOSUCIO;217614000456;INSTITUCION EDUCATIVA SAN JERONIMO;217614001312;ESCUELA RURAL MIXTA BERMEJAL
RIOSUCIO;217614000456;INSTITUCION EDUCATIVA SAN JERONIMO;217614001151;ESCUELA RURAL MIXTA EL ROBLE
RIOSUCIO;217614000456;INSTITUCION EDUCATIVA SAN JERONIMO;217614000804;ESCUELA RURAL MIXTA COSTA RICA
RIOSUCIO;217614000456;INSTITUCION EDUCATIVA SAN JERONIMO;217614000570;CENTRO DOCENTE SERAFIN LEON
RISARALDA;217616000046;INSTITUCION EDUCATIVA GABRIEL GARCIA MARQUEZ;217616000020;ESCUELA LA BOHEMIA
RISARALDA;217616000046;INSTITUCION EDUCATIVA GABRIEL GARCIA MARQUEZ;217616000071;ESCUELA LA ESPERANZA
RISARALDA;217616000046;INSTITUCION EDUCATIVA GABRIEL GARCIA MARQUEZ;217616000038;ESCUELA LA MIRANDA
RISARALDA;217616000046;INSTITUCION EDUCATIVA GABRIEL GARCIA MARQUEZ;217616000101;ESCUELA LA PIEL ROJA
RISARALDA;217616000046;INSTITUCION EDUCATIVA GABRIEL GARCIA MARQUEZ;217616000488;QUIEBRA DE VARILLAS
RISARALDA;217616000046;INSTITUCION EDUCATIVA GABRIEL GARCIA MARQUEZ;217616000674;ESCUELA INDIGENA TAMANIZA
RISARALDA;217616000046;INSTITUCION EDUCATIVA GABRIEL GARCIA MARQUEZ;217616000160;ESCUELA. POLICARPA SALAVARRIETA
RISARALDA;217616000046;INSTITUCION EDUCATIVA GABRIEL GARCIA MARQUEZ;217616000046;INSTITUCION EDUCATIVA GABRIEL GARCIA MARQUEZ - SEDE PRINCIPAL
RISARALDA;217616000046;INSTITUCION EDUCATIVA GABRIEL GARCIA MARQUEZ;217616000119;ESCUELA EL CAIRO
SAMANÁ;217662000093;INSTITUCION EDUCATIVA ENCIMADAS;217662000093;INSTITUCION EDUCATIVA ENCIMADAS - SEDE PRINCIPAL
SAMANÁ;217662000093;INSTITUCION EDUCATIVA ENCIMADAS;217662000158;ESCUELA RURAL GUACAMAYAL
SAMANÁ;217662000093;INSTITUCION EDUCATIVA ENCIMADAS;217662001413;ESCUELA NUEVA LA ARGELIA
SAMANÁ;217662000093;INSTITUCION EDUCATIVA ENCIMADAS;217662000123;ESCUELA RURAL MIXTA LA MANUELITA
SAMANÁ;217662000093;INSTITUCION EDUCATIVA ENCIMADAS;217662002738;ESCUELA NUEVA PICHÍNCHE
SAMANÁ;217662000093;INSTITUCION EDUCATIVA ENCIMADAS;217662002321;ESCUELA SAN FRANCISCO DE ASIS
SAMANÁ;217662000093;INSTITUCION EDUCATIVA ENCIMADAS;217662000808;ESCUELA LA CRISTALINA
SAMANÁ;217662000093;INSTITUCION EDUCATIVA ENCIMADAS;217662000794;ESCUELA NUEVA LA RETIRADA
SAMANÁ;217662000093;INSTITUCION EDUCATIVA ENCIMADAS;217662000930;ESCUELA RURAL YARUMALITO
SAMANÁ;217662000093;INSTITUCION EDUCATIVA ENCIMADAS;217662002533;ESCUELA MONTEBELLO
SAMANÁ;217662000093;INSTITUCION EDUCATIVA ENCIMADAS;217662002550;ESCUELA NUEVA EL QUINDÍO
SAMANÁ;217662000093;INSTITUCION EDUCATIVA ENCIMADAS;217662000280;ESCUELA NUEVA LA SOMBRA
SAMANÁ;217662000093;INSTITUCION EDUCATIVA ENCIMADAS;217662000409;ESCUELA RURAL VIBORAL
SAMANÁ;217662000093;INSTITUCION EDUCATIVA ENCIMADAS;217662000417;COLEGIO LA AURORA
SAMANÁ;217662000093;INSTITUCION EDUCATIVA ENCIMADAS;217662000085;ESCUELA NUEVA EL CONSUELO
SAMANÁ;217662000093;INSTITUCION EDUCATIVA ENCIMADAS;217662002045;COLEGIO RURAL LA ESMERALDA
SAMANÁ;217662000778;INSTITUCION EDUCATIVA RANCHO LARGO;217662000107;ESCUELA MIXTA BALCONES
SAMANÁ;217662000778;INSTITUCION EDUCATIVA RANCHO LARGO;217662000115;ESCUELA RURAL MIXTA COSTA RICA ALTA
SAMANÁ;217662000778;INSTITUCION EDUCATIVA RANCHO LARGO;217662000697;ESCUELA NUEVA LA PAZ
SAMANÁ;217662000778;INSTITUCION EDUCATIVA RANCHO LARGO;217662000557;ESCUELA LA PLANTA
SAMANÁ;217662000778;INSTITUCION EDUCATIVA RANCHO LARGO;217662000255;CENTRO EDUCATIVO LAS MERCEDES
SAMANÁ;217662000778;INSTITUCION EDUCATIVA RANCHO LARGO;217662000352;ESCUELA NUEVA SEGOVIA
SAMANÁ;217662000778;INSTITUCION EDUCATIVA RANCHO LARGO;217662000298;COLEGIO ALEJANDRO GUTIERREZ
SAMANÁ;217662000778;INSTITUCION EDUCATIVA RANCHO LARGO;217662000832;ESCUELA CAMPAMENTTO
SAMANÁ;217662000778;INSTITUCION EDUCATIVA RANCHO LARGO;217662001014;ESCUELA RURAL CAMPO ALEGRE
SAMANÁ;217662000778;INSTITUCION EDUCATIVA RANCHO LARGO;217662000051;ESCUELA RURAL MIXTA CUATRO ESQUINAS
SAMANÁ;217662000778;INSTITUCION EDUCATIVA RANCHO LARGO;217662000883;ESCUELA RURAL MIXTA CAÑAVERAL
SAMANÁ;217662000778;INSTITUCION EDUCATIVA RANCHO LARGO;217662000361;ESCUELA NUEVA GUADUALEJO
SAMANÁ;217662000778;INSTITUCION EDUCATIVA RANCHO LARGO;217662000565;ESCUELA NUEVA EL CASTILLO
SAMANÁ;217662000778;INSTITUCION EDUCATIVA RANCHO LARGO;217662000816;ESCUELA RURAL PEKÍN
SAMANÁ;217662000778;INSTITUCION EDUCATIVA RANCHO LARGO;217662001472;ESCUELA RURAL MIXTA SASAIMA
SAMANÁ;217662000778;INSTITUCION EDUCATIVA RANCHO LARGO;217662000395;CENTRO EDUCATIVO ISABEL LA CATÓLICA
SAMANÁ;217662000778;INSTITUCION EDUCATIVA RANCHO LARGO;217662001090;ESCUELA LA FLORIDA
SAMANÁ;217662000778;INSTITUCION EDUCATIVA RANCHO LARGO;217662001430;ESCUELA RURAL MIXTA LA RICA
SAMANÁ;217662000778;INSTITUCION EDUCATIVA RANCHO LARGO;217662001677;ESCUELA RURAL SAN LUIS
SAMANÁ;217662000778;INSTITUCION EDUCATIVA RANCHO LARGO;217662000913;ESCUELA SAN AGUSTÍN
SAMANÁ;217662000778;INSTITUCION EDUCATIVA RANCHO LARGO;217662000701;INSTITUCION EDUCATIVA LA PALMA - SEDE PRINCIPAL
SAMANÁ;217662000778;INSTITUCION EDUCATIVA RANCHO LARGO;217662000344;ESCUELA NUEVA EL BRASIL
SAMANÁ;217662000778;INSTITUCION EDUCATIVA RANCHO LARGO;217662001740;ESCUELA RURAL EL ARREBOL
SAMANÁ;217662000778;INSTITUCION EDUCATIVA RANCHO LARGO;217662002517;ESCUELA RURAL TESORITOS
SAMANÁ;217662000778;INSTITUCION EDUCATIVA RANCHO LARGO;217662000310;ESCUELA RURAL LA QUINTA
SAMANÁ;217662000778;INSTITUCION EDUCATIVA RANCHO LARGO;217662000221;ESCUELA NUEVA JORGE ISAAC
SAMANÁ;217662000778;INSTITUCION EDUCATIVA RANCHO LARGO;217662002835;ESCUELA RURAL EL CONVENIO
SAMANÁ;217662000778;INSTITUCION EDUCATIVA RANCHO LARGO;217662001502;ESCUELA RURAL LA CUMBRE
SAMANÁ;217662000778;INSTITUCION EDUCATIVA RANCHO LARGO;217662002029;ESCUELA NUEVA LA QUIEBRA
SAMANÁ;217662000778;INSTITUCION EDUCATIVA RANCHO LARGO;217662002703;ESCUELA NUEVA EL NARANJO
SAMANÁ;217662000778;INSTITUCION EDUCATIVA RANCHO LARGO;217662000778;INSTITUCION EDUCATIVA RANCHO LARGO - SEDE PRINCIPAL
SAMANÁ;217662000778;INSTITUCION EDUCATIVA RANCHO LARGO;217662000328;COLEGIO GENERAL PÁEZ
SAMANÁ;217662000778;INSTITUCION EDUCATIVA RANCHO LARGO;217662000263;ESCUELA RURAL NARANJAL
SUPÍA;217777000089;INSTITUCION EDUCATIVA CAÑAMOMO Y LOMAPRIETA;217777000089;INSTITUCION EDUCATIVA CAÑAMOMO Y LOMAPRIETA - SEDE PRINCIPAL
SUPÍA;217777000089;INSTITUCION EDUCATIVA CAÑAMOMO Y LOMAPRIETA;217777000208;SEDE GUAMAL
SUPÍA;217777000089;INSTITUCION EDUCATIVA CAÑAMOMO Y LOMAPRIETA;217777000127;SEDE ALTO SEVILLA
SUPÍA;217777000089;INSTITUCION EDUCATIVA CAÑAMOMO Y LOMAPRIETA;217777000011;SEDE SAN PABLO
SUPÍA;217777000089;INSTITUCION EDUCATIVA CAÑAMOMO Y LOMAPRIETA;217777000259;SEDE DOSQUEBRADAS
SUPÍA;217777000089;INSTITUCION EDUCATIVA CAÑAMOMO Y LOMAPRIETA;217777000712;SEDE TIZAMAR
SUPÍA;217777000089;INSTITUCION EDUCATIVA CAÑAMOMO Y LOMAPRIETA;217777000046;SEDE SAN CAYETANO
SUPÍA;217777000089;INSTITUCION EDUCATIVA CAÑAMOMO Y LOMAPRIETA;217777000461;SEDE EL BRASIL
VICTORIA;217867000061;INSTITUCION EDUCATIVA CAÑAVERAL;217867000088;MARCO FIDEL SUAREZ
VICTORIA;217867000061;INSTITUCION EDUCATIVA CAÑAVERAL;217867000061;INSTITUCION EDUCATIVA CAÑAVERAL - SEDE PRINCIPAL
VICTORIA;217867000061;INSTITUCION EDUCATIVA CAÑAVERAL;217867000134;ESCUELA RURAL FIERRITOS
VICTORIA;217867000061;INSTITUCION EDUCATIVA CAÑAVERAL;217867000266;ESCUELA RURAL SAN LORENZO
VICTORIA;217867000061;INSTITUCION EDUCATIVA CAÑAVERAL;217867000053;ESCUELA RURAL DOÑA JUANA ALTA
VICTORIA;217867000061;INSTITUCION EDUCATIVA CAÑAVERAL;217867000274;ESCUELA RURAL CORINTO
VICTORIA;217867000061;INSTITUCION EDUCATIVA CAÑAVERAL;217867000118;ESCUELA RURAL LA ITALIA
VICTORIA;217867000061;INSTITUCION EDUCATIVA CAÑAVERAL;217867000401;ESCUELA RURAL BELLAVISTA
VICTORIA;217867000061;INSTITUCION EDUCATIVA CAÑAVERAL;217867000070;LA MIEL ALTA
VILLAMARÍA;217873000090;INSTITUCION EDUCATIVA NUESTRA SEÑORA DEL ROSARIO;217873000090;INSTITUCION EDUCATIVA NUESTRA SEÑORA DEL ROSARIO - SEDE PRINCIPAL
VILLAMARÍA;217873000090;INSTITUCION EDUCATIVA NUESTRA SEÑORA DEL ROSARIO;217873000049;ESCUELA RURAL NAZARIO RESTREPO
VILLAMARÍA;217873000090;INSTITUCION EDUCATIVA NUESTRA SEÑORA DEL ROSARIO;217873000740;ESCUELA RURAL ASPAR
VILLAMARÍA;217873000090;INSTITUCION EDUCATIVA NUESTRA SEÑORA DEL ROSARIO;217873000057;ESCUELA RURAL MONTAÑO
VILLAMARÍA;217873000090;INSTITUCION EDUCATIVA NUESTRA SEÑORA DEL ROSARIO;117873000869;ESCUELA SANTA ANA
VILLAMARÍA;217873000090;INSTITUCION EDUCATIVA NUESTRA SEÑORA DEL ROSARIO;217873000405;CENTRO DOCENTE DOCE DE OCTUBRE
VILLAMARÍA;117873000982;INSTITUCION EDUCATIVA SAN PEDRO CLAVER;117873000982;INSTITUCION EDUCATIVA SAN PEDRO CLAVER - SEDE PRINCIPAL
VILLAMARÍA;117873000982;INSTITUCION EDUCATIVA SAN PEDRO CLAVER;117873000338;ESCUELA POLICARPA SALAVARRIETA
VILLAMARÍA;217873000499;INSTITUCION EDUCATIVA FORTUNATO GAVIRIA BOTERO;217873000367;ESCUELA RURAL MIXTA BAJO COROZAL
VILLAMARÍA;217873000499;INSTITUCION EDUCATIVA FORTUNATO GAVIRIA BOTERO;217873000154;ESCUELA NUEVA MIRAFLORES
VILLAMARÍA;217873000499;INSTITUCION EDUCATIVA FORTUNATO GAVIRIA BOTERO;217873000065;ESCUELA RURAL BAJO VILLARAZO
VILLAMARÍA;217873000499;INSTITUCION EDUCATIVA FORTUNATO GAVIRIA BOTERO;217873000022;ESCUELA RURAL ALTO VILLARAZO
VILLAMARÍA;217873000499;INSTITUCION EDUCATIVA FORTUNATO GAVIRIA BOTERO;217873000499;INSTITUCION EDUCATIVA FORTUNATO GAVIRIA BOTERO - SEDE PRINCIPAL
VILLAMARÍA;217873000499;INSTITUCION EDUCATIVA FORTUNATO GAVIRIA BOTERO;217873000511;ESCUELA NUEVA LA PRIMAVERA
VILLAMARÍA;217873000499;INSTITUCION EDUCATIVA FORTUNATO GAVIRIA BOTERO;217873000294;ESCUELA TRECE DE MAYO
VILLAMARÍA;217873000499;INSTITUCION EDUCATIVA FORTUNATO GAVIRIA BOTERO;217873000138;ESCUELA NUEVA RIO CLARO
VILLAMARÍA;217873000499;INSTITUCION EDUCATIVA FORTUNATO GAVIRIA BOTERO;217873000014;ESCUELA SIMON BOLIVAR
ANSERMA;217042000913;INSTITUCION EDUCATIVA EL HORRO;217042000212;SEDE GENERAL SANTANDER
ANSERMA;217042000913;INSTITUCION EDUCATIVA EL HORRO;217042000255;SEDE VILLA OROZCO
ANSERMA;217042000913;INSTITUCION EDUCATIVA EL HORRO;217042000786;SEDE LA ARBOLEDA
ANSERMA;217042000913;INSTITUCION EDUCATIVA EL HORRO;217042000131;SEDE CHAPATA
ANSERMA;217042000913;INSTITUCION EDUCATIVA EL HORRO;217042000247;SEDE EL PARAISO
ANSERMA;217042000913;INSTITUCION EDUCATIVA EL HORRO;217042001049;SEDE JORGE ROBLEDO
ANSERMA;217042000913;INSTITUCION EDUCATIVA EL HORRO;217042000646;SEDE ANZEA
ANSERMA;217042000913;INSTITUCION EDUCATIVA EL HORRO;217042000239;SEDE SORIA
ANSERMA;217042000913;INSTITUCION EDUCATIVA EL HORRO;217042000913;INSTITUCION EDUCATIVA EL HORRO - SEDE PRINCIPAL
CHINCHINÁ;217174000262;INSTITUCION EDUCATIVA NARANJAL;217174000262;INSTITUCION EDUCATIVA NARANJAL - SEDE PRINCIPAL
CHINCHINÁ;217174000262;INSTITUCION EDUCATIVA NARANJAL;217174000084;ESCUELA ANTONIO NARIÑO
CHINCHINÁ;217174000262;INSTITUCION EDUCATIVA NARANJAL;217174000092;ESCUELA MANUELA BELTRAN
CHINCHINÁ;217174000262;INSTITUCION EDUCATIVA NARANJAL;217174000190;ESCUELA SAN LUIS
CHINCHINÁ;217174000262;INSTITUCION EDUCATIVA NARANJAL;217174000394;ESCUELA SAN MARTIN DE PORRES
CHINCHINÁ;217174000262;INSTITUCION EDUCATIVA NARANJAL;217174000181;ESCUELA ALTAMIRA
CHINCHINÁ;217174000262;INSTITUCION EDUCATIVA NARANJAL;217174000173;ESCUELA SIMON BOLIVAR
CHINCHINÁ;217174000262;INSTITUCION EDUCATIVA NARANJAL;217174000769;EL REPOSO
CHINCHINÁ;217174000262;INSTITUCION EDUCATIVA NARANJAL;217174000777;CRUCETAS
MARMATO;217442000246;INSTITUCION EDUCATIVA GENERAL RAMON MARIN;217442000246;INSTITUCION EDUCATIVA GENERAL RAMON MARIN - SEDE PRINCIPAL
MARMATO;217442000246;INSTITUCION EDUCATIVA GENERAL RAMON MARIN;217442000017;ESCUELA JOSE ANTONIO GALAN
NEIRA;217486000723;INSTITUCION EDUCATIVA LLANOGRANDE;217486000723;INSTITUCION EDUCATIVA MIXTO LLANOGRANDE - SEDE PRINCIPAL
NEIRA;217486000723;INSTITUCION EDUCATIVA LLANOGRANDE;217486000600;ESCUELA JUAN PABLO I
NEIRA;217486000723;INSTITUCION EDUCATIVA LLANOGRANDE;217486000464;ESCUELA SAN JUAN BAUTISTA
NEIRA;217486000723;INSTITUCION EDUCATIVA LLANOGRANDE;217486000260;ESCUELA FRANCISCO DE PAULA SANTANDER
NEIRA;217486000723;INSTITUCION EDUCATIVA LLANOGRANDE;217486000511;ESCUELA ANTONIO RICAUTE
NEIRA;217486000723;INSTITUCION EDUCATIVA LLANOGRANDE;217486000251;ESCUELA MANUELA BELTRÁN
NEIRA;217486000723;INSTITUCION EDUCATIVA LLANOGRANDE;217486000294;ESCUELA JOSÉ MARÍA CARBONELL
NEIRA;217486000723;INSTITUCION EDUCATIVA LLANOGRANDE;217486000073;ESCUELA GABRIELA MISTRAL
NEIRA;217486000723;INSTITUCION EDUCATIVA LLANOGRANDE;217486000375;ESCUELA MARÍA MAGDALENA
NEIRA;217486000723;INSTITUCION EDUCATIVA LLANOGRANDE;217486000243;ESCUELA LA ASUNCIÓN
NEIRA;217486000723;INSTITUCION EDUCATIVA LLANOGRANDE;217486000057;ESCUELA JHON KENNEDY
NEIRA;217486000723;INSTITUCION EDUCATIVA LLANOGRANDE;217486000341;ESCUELA CAMILO TORRES
PENSILVANIA;217541000851;INSTITUCION EDUCATIVA FRANCISCO JULIAN OLAYA;217541000029;ESCUELA RURAL GUAYAQUIL
PENSILVANIA;217541000851;INSTITUCION EDUCATIVA FRANCISCO JULIAN OLAYA;217541000851;INSTITUCION EDUCATIVA FRANCISCO JULIAN OLAYA - SEDE PRINCIPAL
PENSILVANIA;217541000851;INSTITUCION EDUCATIVA FRANCISCO JULIAN OLAYA;217541000720;ESCUELA RURAL MIXTA MIRAFLORES
PENSILVANIA;217541000851;INSTITUCION EDUCATIVA FRANCISCO JULIAN OLAYA;217541001289;ESCUELA RURAL LA DIVISA
PENSILVANIA;217541000851;INSTITUCION EDUCATIVA FRANCISCO JULIAN OLAYA;217541001491;ESCUELA NUEVA LAS MERCEDES
PENSILVANIA;217541000851;INSTITUCION EDUCATIVA FRANCISCO JULIAN OLAYA;217541000789;ESCUELA RURAL PLAYA RICA
PENSILVANIA;217541000851;INSTITUCION EDUCATIVA FRANCISCO JULIAN OLAYA;217541001343;ESCUELA RURAL LA CEIBA
PENSILVANIA;217541000851;INSTITUCION EDUCATIVA FRANCISCO JULIAN OLAYA;217541000282;ESCUELA RURAL MIXTA EL PORVENIR
PENSILVANIA;217541000851;INSTITUCION EDUCATIVA FRANCISCO JULIAN OLAYA;217541800009;MARIA NUBIOLA ORTIZ
PENSILVANIA;217541001793;INSTITUCION EDUCATIVA DANIEL MARIA LOPEZ RODRIGUEZ;217541001793;INSTITUCION EDUCATIVA DANIEL MARIA LOPEZ RODRIGUEZ - SEDE PRINCIPAL
PENSILVANIA;217541001793;INSTITUCION EDUCATIVA DANIEL MARIA LOPEZ RODRIGUEZ;217541000509;ESCUELA RURAL LA FLORIDA
PENSILVANIA;217541001793;INSTITUCION EDUCATIVA DANIEL MARIA LOPEZ RODRIGUEZ;217541001696;ESCUELA NUEVA SANTO DOMINGO
PENSILVANIA;217541001793;INSTITUCION EDUCATIVA DANIEL MARIA LOPEZ RODRIGUEZ;217541000398;ESCUELA POLICARPA SALABARRIETA
PENSILVANIA;217541001793;INSTITUCION EDUCATIVA DANIEL MARIA LOPEZ RODRIGUEZ;217541000037;ESCUELA NUEVA SEBASTOPOL
PENSILVANIA;217541001793;INSTITUCION EDUCATIVA DANIEL MARIA LOPEZ RODRIGUEZ;217541001041;ESCUELA RURAL LAS PAVAS
PENSILVANIA;217541001793;INSTITUCION EDUCATIVA DANIEL MARIA LOPEZ RODRIGUEZ;217541000967;ESCUELA NUEVA AURORA ALTA
PENSILVANIA;217541001793;INSTITUCION EDUCATIVA DANIEL MARIA LOPEZ RODRIGUEZ;217541000011;ESCUELA NUEVA PALOGRANDE
PENSILVANIA;217541001793;INSTITUCION EDUCATIVA DANIEL MARIA LOPEZ RODRIGUEZ;217541001645;ESCUELA NUEVA AURORA BAJA
PENSILVANIA;217541001793;INSTITUCION EDUCATIVA DANIEL MARIA LOPEZ RODRIGUEZ;217541000738;ESCUELA RURAL EL NARANJO
PENSILVANIA;217541001793;INSTITUCION EDUCATIVA DANIEL MARIA LOPEZ RODRIGUEZ;217541000991;ESCUELA RURAL VILLARAZ ALTO
PENSILVANIA;217541001793;INSTITUCION EDUCATIVA DANIEL MARIA LOPEZ RODRIGUEZ;217541000886;ESCUELA NUEVA CHAQUIRAL
PENSILVANIA;217541001793;INSTITUCION EDUCATIVA DANIEL MARIA LOPEZ RODRIGUEZ;217541001475;ESCUELA NUEVA EL NARANJITO
PENSILVANIA;217541001793;INSTITUCION EDUCATIVA DANIEL MARIA LOPEZ RODRIGUEZ;217541000681;ESCUELA NUEVA VILLARAZ BAJO
RIOSUCIO;117614000711;INSTITUCION EDUCATIVA LOS FUNDADORES;117614000664;ESCUELA SAGRADA FAMILIA
RIOSUCIO;117614000711;INSTITUCION EDUCATIVA LOS FUNDADORES;117614000702;CENTRO DOCENTE PIO XII
RIOSUCIO;117614000711;INSTITUCION EDUCATIVA LOS FUNDADORES;117614000711;INSTITUCION EDUCATIVA LOS FUNDADORES - SEDE PRINCIPAL
RIOSUCIO;117614000711;INSTITUCION EDUCATIVA LOS FUNDADORES;117614000770;CENTRO DOCENTE JOSE OLIMPO MORALES
RIOSUCIO;117614000711;INSTITUCION EDUCATIVA LOS FUNDADORES;117614001385;ESCUELA URBANA ANTONIO NARIÑO
RIOSUCIO;117614000745;INSTITUCION EDUCATIVA RIOSUCIO;117614000745;INSTITUCION EDUCATIVA RIOSUCIO - SEDE PRINCIPAL
RIOSUCIO;117614000745;INSTITUCION EDUCATIVA RIOSUCIO;117614000656;ESCUELA FRANCISCO DE PAULA SANTANDER
RIOSUCIO;117614000745;INSTITUCION EDUCATIVA RIOSUCIO;117614000672;ESCUELA URBANA PURIFICACION CALVO
RIOSUCIO;117614000745;INSTITUCION EDUCATIVA RIOSUCIO;217614000782;ESCUELA INTEGRADA TUMBABARRETO
RIOSUCIO;117614000745;INSTITUCION EDUCATIVA RIOSUCIO;117614001229;PREESCUELA TRAVESURAS POLICIA NACIONAL
RIOSUCIO;217614000928;INSTITUCION EDUCATIVA LA IBERIA;217614000944;ESCUELA NUEVA ANTONIA SANTOS
RIOSUCIO;217614000928;INSTITUCION EDUCATIVA LA IBERIA;217614000154;ESCUELA CAÑAMOMO
RIOSUCIO;217614000928;INSTITUCION EDUCATIVA LA IBERIA;217614000391;CENTRO EDUCATIVO PORTACHUELO - SEDE PRINCIPAL
RIOSUCIO;217614000928;INSTITUCION EDUCATIVA LA IBERIA;217614001240;ESCUELA RURAL MIXTA LA TOLDA
RIOSUCIO;217614000928;INSTITUCION EDUCATIVA LA IBERIA;217614000022;ESCUELA RURAL PANESSO
RIOSUCIO;217614000928;INSTITUCION EDUCATIVA LA IBERIA;317614001309;ESCUELA RURAL MIX LA RUEDA
RIOSUCIO;217614000928;INSTITUCION EDUCATIVA LA IBERIA;217614001134;ESCUELA RURAL PLANADAS
RIOSUCIO;217614000928;INSTITUCION EDUCATIVA LA IBERIA;217614000928;INSTITUCION EDUCATIVA LA IBERIA - SEDE PRINCIPAL
RIOSUCIO;217614000201;INSTITUCION EDUCATIVA SIPIRRA;217614001169;ESCUELA RURAL AMOLADOR
RIOSUCIO;217614000201;INSTITUCION EDUCATIVA SIPIRRA;217614000201;INSTITUCIÓN EDUCATIVA SIPIRRA - SEDE PRINCIPAL
RIOSUCIO;217614000201;INSTITUCION EDUCATIVA SIPIRRA;217614000405;ESCUELA RURAL MIXTA MIRAFLORES
RISARALDA;117616000696;INSTITUCION EDUCATIVA MARIA INMACULADA;117616000696;INSTITUCION EDUCATIVA MARIA INMACULADA - SEDE PRINCIPAL
RISARALDA;117616000696;INSTITUCION EDUCATIVA MARIA INMACULADA;117616000203;ESCUELA LA SALLE
RISARALDA;117616000696;INSTITUCION EDUCATIVA MARIA INMACULADA;117616000190;ESCUELA MAGDALENA ORTEGA
SALAMINA;117653000647;INSTITUCION EDUCATIVA DE LA PRESENTACION;117653000647;INSTITUCION EDUCATIVA DE LA PRESENTACION - SEDE PRINCIPAL
SUPÍA;217777000534;INSTITUCION EDUCATIVA OBISPO;217777000658;ESCUELA RURAL EL PORVENIR
SUPÍA;217777000534;INSTITUCION EDUCATIVA OBISPO;217777000038;ESCUELA RURAL PALMASOLA
SUPÍA;217777000534;INSTITUCION EDUCATIVA OBISPO;217777000399;ESCUELA RURAL LA CLARA
SUPÍA;217777000534;INSTITUCION EDUCATIVA OBISPO;217777000283;ESCUELA RURAL LA TRINA
SUPÍA;217777000534;INSTITUCION EDUCATIVA OBISPO;217777000062;ESCUELA RURAL EL DESCANSO
SUPÍA;217777000534;INSTITUCION EDUCATIVA OBISPO;217777000321;ESCUELA RURAL CAMACHO
SUPÍA;217777000534;INSTITUCION EDUCATIVA OBISPO;217777000020;ESCUELA RURAL BAJO CAMACHO
SUPÍA;217777000534;INSTITUCION EDUCATIVA OBISPO;217777000054;ESCUELA RURAL LA PAVA
SUPÍA;217777000534;INSTITUCION EDUCATIVA OBISPO;217777000445;ESCUELA RURAL MATECAÑA
SUPÍA;217777000534;INSTITUCION EDUCATIVA OBISPO;217777000615;ESCUELA RURAL GUASCAL
SUPÍA;217777000534;INSTITUCION EDUCATIVA OBISPO;217777000534;INSTITUCION EDUCATIVA OBISPO - SEDE PRINCIPAL
SUPÍA;217777000534;INSTITUCION EDUCATIVA OBISPO;217777000542;ESCUELA RURAL ALTO OBISPO
SUPÍA;217777000534;INSTITUCION EDUCATIVA OBISPO;217777000674;ESCUELA RURAL LA VEGA
SUPÍA;217777000534;INSTITUCION EDUCATIVA OBISPO;217777000097;ESCUELA RURAL MUDARRA
SUPÍA;217777000534;INSTITUCION EDUCATIVA OBISPO;217777000186;ESCUELA RURAL BUENAVISTA
VILLAMARÍA;117873000991;INSTITUCION EDUCATIVA SANTA LUISA DE MARILLAC;117873000991;INSTITUCION EDUCATIVA SANTA LUISA DE MARILLAC - SEDE PRINCIPAL
VILLAMARÍA;217873000308;INSTITUCION EDUCATIVA PARTIDAS;217873000308;INSTITUCION EDUCATIVA PARTIDAS - SEDE PRINCIPAL
VILLAMARÍA;217873000308;INSTITUCION EDUCATIVA PARTIDAS;217873000421;ESCUELA SANTANDER
VILLAMARÍA;217873000308;INSTITUCION EDUCATIVA PARTIDAS;217873000146;CENTRO DOCENTE PINARES
VITERBO;117877000111;INSTITUCION EDUCATIVA NAZARIO RESTREPO;117877000111;INSTITUCION EDUCATIVA NAZARIO RESTREPO - SEDE PRINCIPAL
VITERBO;117877000111;INSTITUCION EDUCATIVA NAZARIO RESTREPO;117877000235;ESCUELA ANTONIO NARIÑO
VITERBO;117877000111;INSTITUCION EDUCATIVA NAZARIO RESTREPO;117877000090;CONCENTRACIÓN MARCO FIDEL SUAREZ
AGUADAS;217013000131;INSTITUCION EDUCATIVA RIOARRIBA;217013000131;INSTITUCION EDUCATIVA RIOARRIBA - SEDE PRINCIPAL
AGUADAS;217013000131;INSTITUCION EDUCATIVA RIOARRIBA;217013000041;ESCUELA RURAL TAMBORAL
AGUADAS;217013000131;INSTITUCION EDUCATIVA RIOARRIBA;217013000424;ESCUELA RURAL ALTO BONITO
AGUADAS;217013000131;INSTITUCION EDUCATIVA RIOARRIBA;217013000238;ESCUELA RURAL MESONES
AGUADAS;217013000131;INSTITUCION EDUCATIVA RIOARRIBA;217013000947;ESCUELA RURAL CULEBRAL
AGUADAS;217013000131;INSTITUCION EDUCATIVA RIOARRIBA;217013000521;ESCUELA RURAL EL LIMON
AGUADAS;217013000131;INSTITUCION EDUCATIVA RIOARRIBA;217013000190;ESCUELA RURAL NUDILLALES
AGUADAS;217013000131;INSTITUCION EDUCATIVA RIOARRIBA;217013000548;ESCUELA RURAL EL CEDRAL
AGUADAS;217013000131;INSTITUCION EDUCATIVA RIOARRIBA;217013000785;SEDE LA CHORRERA
ARANZAZU;117050000324;INSTITUCION EDUCATIVA PIO XI;117050000324;INSTITUCION EDUCATIVA PIO XI - SEDE PRINCIPAL
ARANZAZU;117050000324;INSTITUCION EDUCATIVA PIO XI;117050000260;ESCUELA MANUELA BELTRAN
ARANZAZU;117050000324;INSTITUCION EDUCATIVA PIO XI;117050000251;ESCUELA MANUEL GUTIERREZ ROBLEDO
ARANZAZU;117050000324;INSTITUCION EDUCATIVA PIO XI;217050000388;ESCUELA RURAL PALMICHAL
ARANZAZU;117050000324;INSTITUCION EDUCATIVA PIO XI;217050000191;ESCUELA RURAL EL JARDÍN
ARANZAZU;117050000324;INSTITUCION EDUCATIVA PIO XI;217050000558;ESCUELA RURAL JAVIER ARIAS RAMIREZ
ARANZAZU;117050000324;INSTITUCION EDUCATIVA PIO XI;217050000426;ESCUELA RURAL LA PLANTA
ARANZAZU;117050000324;INSTITUCION EDUCATIVA PIO XI;217050000515;ESCUELA RURAL LA MORAVIA
ARANZAZU;117050000324;INSTITUCION EDUCATIVA PIO XI;217050000108;CENTRO EEDUCATIVO ELADIA MEJIA 
ARANZAZU;117050000324;INSTITUCION EDUCATIVA PIO XI;217050000086;ESCUELA RURAL SAN MIGUEL
ARANZAZU;117050000324;INSTITUCION EDUCATIVA PIO XI;217050000485;ESCUELA RURAL PUERTO SAMARIA
ARANZAZU;117050000324;INSTITUCION EDUCATIVA PIO XI;217050000523;ESCUELA RURAL DIAMANTE BAJO
ARANZAZU;117050000324;INSTITUCION EDUCATIVA PIO XI;217050000205;ESCUELA EL RETIRO
ARANZAZU;117050000324;INSTITUCION EDUCATIVA PIO XI;217050000019;ESCUELA RURAL SAN ANTONIO
ARANZAZU;117050000316;INSTITUCION EDUCATIVA ESCUELA NORMAL SUPERIOR SAGRADO CORAZON;117050000316;INSTITUCION EDUCATIVA ESCUELA NORMAL SUPERIOR SAGRADO CORAZON - SEDE PRINCIPAL
ARANZAZU;117050000316;INSTITUCION EDUCATIVA ESCUELA NORMAL SUPERIOR SAGRADO CORAZON;117050000278;ESCUELA ANEXA POLICARPA SALAVARRIETA
ARANZAZU;117050000316;INSTITUCION EDUCATIVA ESCUELA NORMAL SUPERIOR SAGRADO CORAZON;117050000561;ESCUELA URBANA LA MILAGROSA
CHINCHINÁ;117174000292;INSTITUCION EDUCATIVA SAN FRANCISCO DE PAULA;117174000292;INSTITUCIÓN EDUCATIVA SAN FRANCISCO DE PAULA - SEDE PRINCIPAL
CHINCHINÁ;117174000292;INSTITUCION EDUCATIVA SAN FRANCISCO DE PAULA;117174000055;ESCUELA MARIA INMACULADA
CHINCHINÁ;117174000292;INSTITUCION EDUCATIVA SAN FRANCISCO DE PAULA;317174000631;ESCUELA ROTARIA LA FRONTERA
CHINCHINÁ;117174000292;INSTITUCION EDUCATIVA SAN FRANCISCO DE PAULA;117174000039;ESCUELA JUAN XXIII
LA DORADA;217380000244;INSTITUCION EDUCATIVA PURNIO;217380000244;INSTITUCION EDUCATIVA PURNIO - SEDE PRINCIPAL
LA MERCED;217388000383;INSTITUCION EDUCATIVA LLANADAS;217388000413;SATÉLITE FONTIBÓN
LA MERCED;217388000383;INSTITUCION EDUCATIVA LLANADAS;217388000383;INSTITUCION EDUCATIVA LLANADAS - SEDE PRINCIPAL
LA MERCED;217388000383;INSTITUCION EDUCATIVA LLANADAS;217388000073;EL PALO
LA MERCED;217388000383;INSTITUCION EDUCATIVA LLANADAS;217388000391;LA QUIEBRA DE SAN ISIDRO
LA MERCED;217388000383;INSTITUCION EDUCATIVA LLANADAS;217388000359;SAN JOSÉ
LA MERCED;217388000383;INSTITUCION EDUCATIVA LLANADAS;217388000421;EL YARUMO
LA MERCED;217388000383;INSTITUCION EDUCATIVA LLANADAS;217388000367;PEÑA RICA
LA MERCED;217388000383;INSTITUCION EDUCATIVA LLANADAS;217388000529;TRAVESÍAS
LA MERCED;217388000383;INSTITUCION EDUCATIVA LLANADAS;217388000049;INSTITUCION EDUCATIVA EL LIMÓN
LA MERCED;217388000383;INSTITUCION EDUCATIVA LLANADAS;217388000375;SATÉLITE MACIEGAL
MANZANARES;117433000387;INSTITUCION EDUCATIVA NUESTRA SEÑORA DEL ROSARIO;117433000387;INSTITUCION EDUCATIVA NUESTRA SEÑORA DEL ROSARIO - SEDE PRINCIPAL
MANZANARES;117433000387;INSTITUCION EDUCATIVA NUESTRA SEÑORA DEL ROSARIO;117433000361;ESCUELA SANTA TERESITA
MANZANARES;117433000387;INSTITUCION EDUCATIVA NUESTRA SEÑORA DEL ROSARIO;117433000328;ESCUELA CLARA VELASQUEZ
MARMATO;217442000122;INSTITUCION EDUCATIVA RAFAEL POMBO;217442000122;INSTITUCION EDUCATIVA RAFAEL POMBO - SEDE PRINCIPAL
MARMATO;217442000122;INSTITUCION EDUCATIVA RAFAEL POMBO;217442000106;ESCUELA LA MIEL
MARMATO;217442000122;INSTITUCION EDUCATIVA RAFAEL POMBO;217442000131;ESCUELA EL VERGEL
MARQUETALIA;217444000201;INSTITUCION EDUCATIVA LA QUIEBRA;217444000171;INSTITUCION EDUCATIVA LA FLORIDA - SEDE PRINCIPAL
MARQUETALIA;217444000201;INSTITUCION EDUCATIVA LA QUIEBRA;217444000090;ESCUELA RURAL ALEGRIAS
MARQUETALIA;217444000201;INSTITUCION EDUCATIVA LA QUIEBRA;217444000081;ESCUELA RURAL CAMPOALEGRE
MARQUETALIA;217444000201;INSTITUCION EDUCATIVA LA QUIEBRA;217444000201;INSTITUCION EDUCATIVA LA QUIEBRA - SEDE PRINCIPAL
MARQUETALIA;217444000201;INSTITUCION EDUCATIVA LA QUIEBRA;217444000103;ESCUELA RURAL SAN JUAN
MARQUETALIA;217444000201;INSTITUCION EDUCATIVA LA QUIEBRA;217444000758;ESCUELA RURAL LA PALMA
MARQUETALIA;217444000201;INSTITUCION EDUCATIVA LA QUIEBRA;217444000782;ESCUELA RURAL UNIÓN LA ESPERANZA
MARQUETALIA;217444000201;INSTITUCION EDUCATIVA LA QUIEBRA;217444000375;ESCUELA RURAL LA BAMBA
MARQUETALIA;217444000201;INSTITUCION EDUCATIVA LA QUIEBRA;217444000511;ESCUELA RURAL LA UNIÓN ALTA
MARULANDA;217446000038;INSTITUCION EDUCATIVA MONTEBONITO;217446000232;ESCUELA EL ZANCUDO
MARULANDA;217446000038;INSTITUCION EDUCATIVA MONTEBONITO;217446000135;ESCUELA LA SUECIA
MARULANDA;217446000038;INSTITUCION EDUCATIVA MONTEBONITO;217446000267;ESCUELA NARANJAL
MARULANDA;217446000038;INSTITUCION EDUCATIVA MONTEBONITO;217446000127;ESCUELA RURAL LA LAGUNA
MARULANDA;217446000038;INSTITUCION EDUCATIVA MONTEBONITO;217446000178;ESCUELA SANTA CLARA
MARULANDA;217446000038;INSTITUCION EDUCATIVA MONTEBONITO;217446000291;ESCUELA SANTA RITA
MARULANDA;217446000038;INSTITUCION EDUCATIVA MONTEBONITO;217446000143;ESCUELA MERCEDES ABREGO
MARULANDA;217446000038;INSTITUCION EDUCATIVA MONTEBONITO;217446000038;INSTITUCION EDUCATIVA MONTEBONITO - SEDE PRINCIPAL
NORCASIA;117495005407;INSTITUCION EDUCATIVA SAN GERARDO MARIA MAYELA;217662000450;ESCUELA JOSE MARIA CORDOBA
NORCASIA;117495005407;INSTITUCION EDUCATIVA SAN GERARDO MARIA MAYELA;217662000484;ESCUELA JORGE ISAAC
NORCASIA;117495005407;INSTITUCION EDUCATIVA SAN GERARDO MARIA MAYELA;117495005407;INSTITUCIÓN EDUCATIVA SAN GERARDO MARIA MAYELA - SEDE PRINCIPAL
PÁCORA;217513000234;INSTITUCION EDUCATIVA LA MILAGROSA;217513000340;ESCUELA RURAL EL LIMON
PÁCORA;217513000234;INSTITUCION EDUCATIVA LA MILAGROSA;217513000153;CENTRO EDUCATIVO PAYANDE
PÁCORA;217513000234;INSTITUCION EDUCATIVA LA MILAGROSA;217513000501;ESCUELA RURAL EL TOPACIO
PÁCORA;217513000234;INSTITUCION EDUCATIVA LA MILAGROSA;217513000498;ESCUELA RURAL. EL CEDRAL
PÁCORA;217513000234;INSTITUCION EDUCATIVA LA MILAGROSA;217513000234;INSTITUCION EDUCATIVA LA MILAGROSA - SEDE PRINCIPAL
PÁCORA;217513000234;INSTITUCION EDUCATIVA LA MILAGROSA;217513000765;COLEGIO LOS MORROS
PÁCORA;217513000234;INSTITUCION EDUCATIVA LA MILAGROSA;217513000536;ESCUELA RURAL PALMA BAJA
PÁCORA;217513000234;INSTITUCION EDUCATIVA LA MILAGROSA;217513000447;CENTRO EDUCATIVO FILOBONITO
PÁCORA;217513000234;INSTITUCION EDUCATIVA LA MILAGROSA;217513000293;ESCUELA RURAL SAN ANTONIO
PÁCORA;217513000234;INSTITUCION EDUCATIVA LA MILAGROSA;217513000285;ESCUELA RURAL PALMA ALTA
PÁCORA;217513000234;INSTITUCION EDUCATIVA LA MILAGROSA;217513000692;ESCUELA RURAL VENECIA
PÁCORA;217513000234;INSTITUCION EDUCATIVA LA MILAGROSA;217513000391;CENTRO EDUCATIVO CAMPO ALEGRE
PÁCORA;217513000234;INSTITUCION EDUCATIVA LA MILAGROSA;217513000382;ESCUELA RURAL CARBONERAL
PÁCORA;217513000234;INSTITUCION EDUCATIVA LA MILAGROSA;217513000528;ESCUELA RURAL SAN MIGUEL
PENSILVANIA;217541000312;INSTITUCION EDUCATIVA GUACAS;217541000312;INSTITUCION EDUCATIVA GUACAS - SEDE PRINCIPAL
PENSILVANIA;217541000312;INSTITUCION EDUCATIVA GUACAS;217541000690;ESCUELA RURAL EL CASTILLO
PENSILVANIA;217541000312;INSTITUCION EDUCATIVA GUACAS;217541000410;ESCUELA RURAL MIXTA LOS MEDIOS
PENSILVANIA;217541000312;INSTITUCION EDUCATIVA GUACAS;217541001009;ESCUELA RURAL LA CASCADA
PENSILVANIA;217541000312;INSTITUCION EDUCATIVA GUACAS;217541001505;ESCUELA NUEVA ALTO ANIME
PENSILVANIA;217541000312;INSTITUCION EDUCATIVA GUACAS;217541000266;ESCUELA NUEVA LA FLORIDA
PENSILVANIA;217541000312;INSTITUCION EDUCATIVA GUACAS;217541000517;ESCUELA RURAL LA PALMERA BAJA
PENSILVANIA;217541000312;INSTITUCION EDUCATIVA GUACAS;217541000363;ESCUELA BUENOS AIRES ALTO
PENSILVANIA;217541000312;INSTITUCION EDUCATIVA GUACAS;217541000479;ESCUELA RURAL LAS COLONIAS
PENSILVANIA;217541000312;INSTITUCION EDUCATIVA GUACAS;217541001271;ESCUELA NUEVA EL SILENCIO
PENSILVANIA;217541000312;INSTITUCION EDUCATIVA GUACAS;217541001076;CENTRO EDUCATIVO RURAL CARTAGENA
PENSILVANIA;217541000312;INSTITUCION EDUCATIVA GUACAS;217541001262;ESCUELA NUEVA EL RUBY
PENSILVANIA;217541000312;INSTITUCION EDUCATIVA GUACAS;217541000291;ESCUELA NUEVA ARENILLAL
PENSILVANIA;217541000312;INSTITUCION EDUCATIVA GUACAS;217541000711;ESCUELA RURAL SANTA TERESITA
PENSILVANIA;217541000312;INSTITUCION EDUCATIVA GUACAS;217541001670;ESCUELA NUEVA LAS PALOMAS
PENSILVANIA;217541000312;INSTITUCION EDUCATIVA GUACAS;217541000380;ESCUELA NUEVA EL LIBANO
PENSILVANIA;217541000312;INSTITUCION EDUCATIVA GUACAS;217541000231;ESCUELA NUEVA QUEBRADA NEGRA
PENSILVANIA;217541000312;INSTITUCION EDUCATIVA GUACAS;217541000703;ESCUELA RURAL PUERTO LÓPEZ
RIOSUCIO;217614000286;INSTITUCION EDUCATIVA JOHN F. KENNEDY;217614000286;INSTITUCION EDUCATIVA JOHN F. KENNEDY - SEDE PRINCIPAL
RIOSUCIO;217614000286;INSTITUCION EDUCATIVA JOHN F. KENNEDY;217614000014;ESCUELA NUEVA BAJO IMURRA
RIOSUCIO;217614000286;INSTITUCION EDUCATIVA JOHN F. KENNEDY;217614000103;ESCUELA RURAL MIXTA IMURRA
RIOSUCIO;217614000286;INSTITUCION EDUCATIVA JOHN F. KENNEDY;217614001061;ESCUELA RURAL MIXTA LOS ANDES
RIOSUCIO;217614000286;INSTITUCION EDUCATIVA JOHN F. KENNEDY;217614000600;ESCUELA RURAL EL MESTIZO
RIOSUCIO;217614000286;INSTITUCION EDUCATIVA JOHN F. KENNEDY;217614000120;ESCUELA RURAL EL JORDAN
RIOSUCIO;217614000286;INSTITUCION EDUCATIVA JOHN F. KENNEDY;217614000171;ESCUELA RURAL AGUACATAL
SALAMINA;117653000671;INSTITUCION EDUCATIVA SARA OSPINA GRISALES;117653000671;INSTITUCION EDUCATIVA SARA OSPINA GRISALES - SEDE PRINCIPAL
SALAMINA;117653000671;INSTITUCION EDUCATIVA SARA OSPINA GRISALES;117653000043;ESCUELA LUIS HERNANDEZ MONCADA
SALAMINA;117653000671;INSTITUCION EDUCATIVA SARA OSPINA GRISALES;117653000469;ESCUELA EMILIO MARIN OSPINA
SALAMINA;117653000671;INSTITUCION EDUCATIVA SARA OSPINA GRISALES;117653000795;ESC. AGRIPINA MONTES DEL VALLE
SALAMINA;117653000671;INSTITUCION EDUCATIVA SARA OSPINA GRISALES;117653000019;COLEGIO DE BTO NOCTURNO JORGE V
SALAMINA;117653000671;INSTITUCION EDUCATIVA SARA OSPINA GRISALES;417653001141;C.E. HOGAR PROTECCIÓN DE LA NIÑEZ
SALAMINA;117653000663;INSTITUCION EDUCATIVA PIO XII;117653000663;INSTITUCION EDUCATIVA PIO XII - SEDE PRINCIPAL
SUPÍA;117777000726;INSTITUCION EDUCATIVA FRANCISCO JOSE DE CALDAS;117777000726;INSTITUCION EDUCATIVA FRANCISCO JOSE DE CALDAS - SEDE PRINCIPAL
SUPÍA;117777000726;INSTITUCION EDUCATIVA FRANCISCO JOSE DE CALDAS;117777000343;ESCUELA NATIVIDAD MONTAÑO
AGUADAS;217013000602;INSTITUCION EDUCATIVA ENCIMADAS;217013000076;SANTA ROSA
AGUADAS;217013000602;INSTITUCION EDUCATIVA ENCIMADAS;217013000670;LA ASOMBROSA
AGUADAS;217013000602;INSTITUCION EDUCATIVA ENCIMADAS;217013000726;LOS NARANJOS
AGUADAS;217013000602;INSTITUCION EDUCATIVA ENCIMADAS;217013001145;SIETE CUEROS
AGUADAS;217013000602;INSTITUCION EDUCATIVA ENCIMADAS;217013000416;ARENILLAL
AGUADAS;217013000602;INSTITUCION EDUCATIVA ENCIMADAS;217013001188;SANTA INÉS
AGUADAS;217013000602;INSTITUCION EDUCATIVA ENCIMADAS;217013000149;PUENTE PIEDRA
AGUADAS;217013000602;INSTITUCION EDUCATIVA ENCIMADAS;217013000084;SANTA RITA
AGUADAS;217013000602;INSTITUCION EDUCATIVA ENCIMADAS;217013000602;INSTITUCION EDUCATIVA ENCIMADAS - SEDE PRINCIPAL
AGUADAS;217013000602;INSTITUCION EDUCATIVA ENCIMADAS;217013000220;MIRAFLORES
AGUADAS;117013000292;INSTITUCION EDUCATIVA LICEO CLAUDINA MUNERA;117013000292;INSTITUCION EDUCATIVA LICEO CLAUDINA MUNERA - SEDE PRINCIPAL
AGUADAS;117013000292;INSTITUCION EDUCATIVA LICEO CLAUDINA MUNERA;117013000357;ESCUELA SANTA TERESITA
AGUADAS;117013000292;INSTITUCION EDUCATIVA LICEO CLAUDINA MUNERA;117013000365;ESCUELA SIMON BOLIVAR
ANSERMA;217042000344;INSTITUCION EDUCATIVA SAN PEDRO;217042000344;INSTITUCIÓN EDUCATIVA SAN PEDRO - SEDE PRINCIPAL
ANSERMA;217042000344;INSTITUCION EDUCATIVA SAN PEDRO;217042000841;BAJO VERGEL
ANSERMA;217042000344;INSTITUCION EDUCATIVA SAN PEDRO;217042001014;JOSE MARIA CORDOBA
ANSERMA;217042000344;INSTITUCION EDUCATIVA SAN PEDRO;217042000425;LA LINDA
ANSERMA;217042000344;INSTITUCION EDUCATIVA SAN PEDRO;217042000336;EL RECREO
ANSERMA;217042000344;INSTITUCION EDUCATIVA SAN PEDRO;217042000174;EL ROSARIO
ANSERMA;217042000883;INSTITUCION EDUCATIVA ALTO NUBIA;217042000883;INSTITUCION EDUCATIVA ALTO NUBIA - SEDE PRINCIPAL
ANSERMA;217042000883;INSTITUCION EDUCATIVA ALTO NUBIA;217042001022;SEDE LA CABAÑA
ANSERMA;217042000883;INSTITUCION EDUCATIVA ALTO NUBIA;217042000409;SEDE SUER DE NAVAS
ANSERMA;217042000883;INSTITUCION EDUCATIVA ALTO NUBIA;217042000093;SEDE PEDRO SARMIENTO
ANSERMA;217042000883;INSTITUCION EDUCATIVA ALTO NUBIA;217042000611;SEDE LA ESMERALDA
ANSERMA;217042000883;INSTITUCION EDUCATIVA ALTO NUBIA;217042000310;SEDE LA LAGUNA
CHINCHINÁ;217174000131;INSTITUCION EDUCATIVA EDUARDO GOMEZ ARRUBLA;217174000131;INSTITUCION EDUCATIVA EDUARDO GOMEZ ARRUBLA - SEDE PRINCIPAL
CHINCHINÁ;217174000131;INSTITUCION EDUCATIVA EDUARDO GOMEZ ARRUBLA;217174000114;ESCUELA RURAL ALTO CHUSCAL
CHINCHINÁ;217174000131;INSTITUCION EDUCATIVA EDUARDO GOMEZ ARRUBLA;217174000122;ESCUELA RURAL ALTO DE LA PAZ
CHINCHINÁ;217174000131;INSTITUCION EDUCATIVA EDUARDO GOMEZ ARRUBLA;217174000408;ESCUELA RURAL BAJO CHUSCAL
CHINCHINÁ;217174000131;INSTITUCION EDUCATIVA EDUARDO GOMEZ ARRUBLA;217174000106;ESCUELA RURAL MIXTA LA PRADERA
CHINCHINÁ;217174000131;INSTITUCION EDUCATIVA EDUARDO GOMEZ ARRUBLA;217174000017;ESCUELA RURAL SAN ANDRES
FILADELFIA;217272000106;INSTITUCION EDUCATIVA CRISANTO LUQUE;217272000165;ESCUELA RURAL POLICARPA SALAVARRIETA
FILADELFIA;217272000106;INSTITUCION EDUCATIVA CRISANTO LUQUE;217272000173;ESCUELA RURAL SAGRADO CORAZÓN DE JESÚS
FILADELFIA;217272000106;INSTITUCION EDUCATIVA CRISANTO LUQUE;217272000505;ESCUELA RURAL LA GRAN COLOMBIA
FILADELFIA;217272000106;INSTITUCION EDUCATIVA CRISANTO LUQUE;217272000149;ESCUELA RURAL ALTO MAIBÁ
FILADELFIA;217272000106;INSTITUCION EDUCATIVA CRISANTO LUQUE;217272000271;ESCUELA RURAL MARÍA GORETTI
FILADELFIA;217272000106;INSTITUCION EDUCATIVA CRISANTO LUQUE;217272000106;INSTITUCION EDUCATIVA CRISANTO LUQUE - SEDE PRINCIPAL
FILADELFIA;217272000106;INSTITUCION EDUCATIVA CRISANTO LUQUE;217272000262;SAN LUIS
FILADELFIA;217272000106;INSTITUCION EDUCATIVA CRISANTO LUQUE;217272000017;SIMÓN BOLÍVAR
FILADELFIA;217272000106;INSTITUCION EDUCATIVA CRISANTO LUQUE;217272000530;ESCUELA RURAL LA ILUSIÓN
FILADELFIA;217272000106;INSTITUCION EDUCATIVA CRISANTO LUQUE;217272000254;ESCUELA RURAL ALTOMIRA
FILADELFIA;217272000106;INSTITUCION EDUCATIVA CRISANTO LUQUE;217272000441;ESCUELA RURAL EL CASTILLO
FILADELFIA;217272000106;INSTITUCION EDUCATIVA CRISANTO LUQUE;217272000076;ESCUELA RURAL LA INDIA
FILADELFIA;217272000106;INSTITUCION EDUCATIVA CRISANTO LUQUE;217272000394;ESCUELA RURAL LA RUSIA
FILADELFIA;217272000106;INSTITUCION EDUCATIVA CRISANTO LUQUE;217272000041;ESCUELA RURAL SANTA ANA
FILADELFIA;217272000106;INSTITUCION EDUCATIVA CRISANTO LUQUE;217272000157;ESCUELA RURAL BALMORAL
FILADELFIA;217272000106;INSTITUCION EDUCATIVA CRISANTO LUQUE;217272000378;ESCUELA RURAL SANTA RITA
FILADELFIA;217272000106;INSTITUCION EDUCATIVA CRISANTO LUQUE;217272000513;ESCUELA RURAL FRUTALES 
LA DORADA;117380000053;INSTITUCION EDUCATIVA DORADA;117380000053;INSTITUCION EDUCATIVA DORADA - SEDE PRINCIPAL
LA DORADA;117380000053;INSTITUCION EDUCATIVA DORADA;117380000193;ESCUELA KENNEDY
LA DORADA;117380000053;INSTITUCION EDUCATIVA DORADA;117380000088;ESCUELA FRANCISCO JOSE DE CALDAS
LA DORADA;117380000053;INSTITUCION EDUCATIVA DORADA;117380000037;ESCUELA FRANCISCO DE PAULA SANTANDER
LA DORADA;117380000053;INSTITUCION EDUCATIVA DORADA;117380000151;ESCUELA POLICARPA SALAVARRIETA
LA DORADA;217380000040;INSTITUCION EDUCATIVA EL JAPON;217380000040;INSTITUCION EDUCATIVA EL JAPON - SEDE PRINCIPAL
LA DORADA;217380000040;INSTITUCION EDUCATIVA EL JAPON;217380000236;ESCUELA LA AGUSTINA
LA DORADA;217380000040;INSTITUCION EDUCATIVA EL JAPON;217380000228;ESCUELA EL TIGRE
LA MERCED;217388000405;INSTITUCION EDUCATIVA LA FELISA;217388000405;INSTITUCION EDUCATIVA LA FELISA - SEDE PRINCIPAL
LA MERCED;217388000405;INSTITUCION EDUCATIVA LA FELISA;217388000332;SECCIONAL EL TAMBOR
LA MERCED;217388000405;INSTITUCION EDUCATIVA LA FELISA;217388000057;SECCIONAL SAN MARTÍN
MARULANDA;117446000157;INSTITUCION EDUCATIVA EFREN CARDONA CHICA;117446000157;INSTITUCION EDUCATIVA EFREN CARDONA CHICA - SEDE PRINCIPAL
MARULANDA;117446000157;INSTITUCION EDUCATIVA EFREN CARDONA CHICA;117446000068;ESCUELA URBANA SIMON BOLIVAR
MARULANDA;117446000157;INSTITUCION EDUCATIVA EFREN CARDONA CHICA;217446000089;ESCUELA RURAL ESPARTILLAL
MARULANDA;117446000157;INSTITUCION EDUCATIVA EFREN CARDONA CHICA;217446000003;ESCUELA RURAL SAN ISIDRO
MARULANDA;117446000157;INSTITUCION EDUCATIVA EFREN CARDONA CHICA;217446000097;ESCUELA RURAL HERVEO
MARULANDA;117446000157;INSTITUCION EDUCATIVA EFREN CARDONA CHICA;217446000160;ESCUELA RURAL LAS PEÑAS
MARULANDA;117446000157;INSTITUCION EDUCATIVA EFREN CARDONA CHICA;217446000020;ESCUELA SAN PABLO
MARULANDA;117446000157;INSTITUCION EDUCATIVA EFREN CARDONA CHICA;217446800018;LOS SAUCES
MARULANDA;117446000157;INSTITUCION EDUCATIVA EFREN CARDONA CHICA;217446800000;LA ALEJANDRIA
NEIRA;217486000731;INSTITUCION EDUCATIVA AGUACATAL;217486000138;ESCUELA ANTONIA SANTOS
NEIRA;217486000731;INSTITUCION EDUCATIVA AGUACATAL;217486000537;ESCUELA SAGRADO CORAZÓN DE JESÚS
NEIRA;217486000731;INSTITUCION EDUCATIVA AGUACATAL;217486000120;ESCUELA FRANCISCO JOSÉ DE CALDAS
NEIRA;217486000731;INSTITUCION EDUCATIVA AGUACATAL;217486000731;INSTITUCION EDUCATIVA AGUACATAL - SEDE PRINCIPAL
NEIRA;217486000731;INSTITUCION EDUCATIVA AGUACATAL;217486000111;ESCUELA JOSÉ ACEVEDO Y GÓMEZ
NEIRA;217486000731;INSTITUCION EDUCATIVA AGUACATAL;217486000014;ESCUELA MARIA AUXILIADORA
NEIRA;217486000731;INSTITUCION EDUCATIVA AGUACATAL;217486000502;ESCUELA DIVINO NIÑO
NEIRA;117486000168;INSTITUCION EDUCATVA NUESTRA SENORA DEL ROSARIO;117486000389;ESCUELA ABRAHAM MONTOYA
NEIRA;117486000168;INSTITUCION EDUCATVA NUESTRA SENORA DEL ROSARIO;117486000168;INSTITUCION EDUCATVA NUESTRA SENORA DEL ROSARIO - SEDE PRINCIPAL
NEIRA;117486000168;INSTITUCION EDUCATVA NUESTRA SENORA DEL ROSARIO;117486000401;ANEXA EL ROSARIO
NORCASIA;217662002681;INSTITUCION EDUCATIVA LA ESTRELLA;217662002681;LA QUIEBRA
NORCASIA;217662002681;INSTITUCION EDUCATIVA LA ESTRELLA;217662000433;ESCUELA RURAL MOSCOVITA
NORCASIA;217662002681;INSTITUCION EDUCATIVA LA ESTRELLA;217662001707;ESCUELA RURAL MONTEBELLO
NORCASIA;217662002681;INSTITUCION EDUCATIVA LA ESTRELLA;217662001758;ESCUELA RURAL MIXTA LA SAMARIA
NORCASIA;217662002681;INSTITUCION EDUCATIVA LA ESTRELLA;217662001308;ESCUELA RURAL PLANES MIRADOR
NORCASIA;217662002681;INSTITUCION EDUCATIVA LA ESTRELLA;217662000468;ESCUELA RURAL KILÓMETRO 40
NORCASIA;217662002681;INSTITUCION EDUCATIVA LA ESTRELLA;217662000425;ESCUELA RURAL CADENALES
NORCASIA;217662002681;INSTITUCION EDUCATIVA LA ESTRELLA;217662002690;ESCUELA RURAL MANIZALITOS
NORCASIA;217662002681;INSTITUCION EDUCATIVA LA ESTRELLA;217662002258;ESCUELA RURAL QUIEBRA DE ROQUE
NORCASIA;217662002681;INSTITUCION EDUCATIVA LA ESTRELLA;217662002274;ESCUELA RURAL SANTA MARIA
NORCASIA;217662002681;INSTITUCION EDUCATIVA LA ESTRELLA;217662000247;ESCUELA RURAL SAN ESTEBAN
NORCASIA;217662002681;INSTITUCION EDUCATIVA LA ESTRELLA;217662001961;ESCUELA RURAL LOS CEIBOS
NORCASIA;217662002681;INSTITUCION EDUCATIVA LA ESTRELLA;217662001456;ESCUELA RURAL EL JAGUAL
NORCASIA;217662002681;INSTITUCION EDUCATIVA LA ESTRELLA;217662002720;ESCUELA RURAL BAJO JAGUAL
NORCASIA;217662002681;INSTITUCION EDUCATIVA LA ESTRELLA;217662000956;INSTITUCION EDUCATIVA  LA ESTRELLA - SEDE PRINCIPAL
NORCASIA;217662002681;INSTITUCION EDUCATIVA LA ESTRELLA;217662001073;ESCUELA RURAL LAS DELICIAS
PÁCORA;217513000722;INSTITUCION EDUCATIVA LAS COLES;217513000722;INSTITUCION EDUCATIVA LAS COLES - SEDE PRINCIPAL
PÁCORA;217513000722;INSTITUCION EDUCATIVA LAS COLES;217513000030;ESCUELA RURAL VENDIGUJAL
PÁCORA;217513000722;INSTITUCION EDUCATIVA LAS COLES;217513000021;ESCULA RURAL LAS TROJES
PÁCORA;217513000722;INSTITUCION EDUCATIVA LAS COLES;217513000544;ESCUELA RURAL EL CASTILLO
PÁCORA;217513000722;INSTITUCION EDUCATIVA LAS COLES;217513000587;ESCUELA RURAL MIXTA LA ALBANIA
PÁCORA;217513000722;INSTITUCION EDUCATIVA LAS COLES;217513000218;ESCUELA RURAL LOMA HERMOSA
PÁCORA;217513000722;INSTITUCION EDUCATIVA LAS COLES;217513000064;CENTRO EDUCATIVO LOS MEDIOS
PÁCORA;217513000722;INSTITUCION EDUCATIVA LAS COLES;417513000837;ESCUELA RURAL MIXTA LA MAGDALENA
PÁCORA;217513000722;INSTITUCION EDUCATIVA LAS COLES;217513000331;ESCUELA RURAL EL CONGO
PÁCORA;217513000722;INSTITUCION EDUCATIVA LAS COLES;217513000137;ESCUELA RURAL SAN LORENCITO
PÁCORA;217513000722;INSTITUCION EDUCATIVA LAS COLES;217513000480;ESCUELA RURAL MARACAS
PÁCORA;217513000722;INSTITUCION EDUCATIVA LAS COLES;217513000684;CENTRO EDUCATIVO OLIVARES
PÁCORA;217513000722;INSTITUCION EDUCATIVA LAS COLES;217513000188;ESCUELA RURAL MATA DE GUADUA
PÁCORA;217513000722;INSTITUCION EDUCATIVA LAS COLES;217513000315;ESCUELA RURAL MIXTA GINEBRA
PÁCORA;217513000722;INSTITUCION EDUCATIVA LAS COLES;217513000145;ESCUELA RURAL SAN LORENZO
PALESTINA;217524000040;INSTITUCION EDUCATIVA SANTAGUEDA;217524000341;ESCUELA RURAL EL BEBEDERO
PALESTINA;217524000040;INSTITUCION EDUCATIVA SANTAGUEDA;217524000180;ESCUELA NUEVA LOS ALPES
PALESTINA;217524000040;INSTITUCION EDUCATIVA SANTAGUEDA;217524000333;ESCUELA NUEVA FÁTIMA
PALESTINA;217524000040;INSTITUCION EDUCATIVA SANTAGUEDA;217524000040;INSTITUCION EDUCATIVA SANTAGUEDA - SEDE PRINCIPAL
PALESTINA;217524000040;INSTITUCION EDUCATIVA SANTAGUEDA;217524000058;ESCUELA RURAL EL RETIRO
RIOSUCIO;217614000723;INSTITUCION EDUCATIVA BONAFONT;217614001321;ESCUELA RURAL EL OLVIDO
RIOSUCIO;217614000723;INSTITUCION EDUCATIVA BONAFONT;217614000502;ESCUELA RURAL QUIMBAYA
RIOSUCIO;217614000723;INSTITUCION EDUCATIVA BONAFONT;217614000146;ESCUELA RURAL JUAN XXIII
RIOSUCIO;217614000723;INSTITUCION EDUCATIVA BONAFONT;217614000375;ESCUELA RURAL JUAN DIAZ
RIOSUCIO;217614000723;INSTITUCION EDUCATIVA BONAFONT;217614000341;ESCUELA RURAL FRANCISCO JOSE DE CALDAS
RIOSUCIO;217614000723;INSTITUCION EDUCATIVA BONAFONT;217614000529;ESCUELA RURAL MIXTA BUENOS AIRES
RIOSUCIO;217614000723;INSTITUCION EDUCATIVA BONAFONT;217614000430;ESCUELA RURAL MIXTA PIRSA
RIOSUCIO;217614000723;INSTITUCION EDUCATIVA BONAFONT;217614001215;ESCUELA RURAL BAJO PIRSA
RIOSUCIO;217614000723;INSTITUCION EDUCATIVA BONAFONT;217614000723;INSTITUCION EDUCATIVA BONAFONT - SEDE PRINCIPAL
RIOSUCIO;217614000138;INSTITUCION EDUCATIVA QUIEBRALOMO;217614000138;CENTRO EDUCATIVO QUIEBRALOMO - SEDE PRINCIPAL
RIOSUCIO;217614000138;INSTITUCION EDUCATIVA QUIEBRALOMO;217614000561;ESCUELA RURAL MIXTA SAN JUAN
RIOSUCIO;217614000138;INSTITUCION EDUCATIVA QUIEBRALOMO;217614001231;ESCUELA RURAL MIXTA LA UNION
RIOSUCIO;217614000138;INSTITUCION EDUCATIVA QUIEBRALOMO;217614001207;ESCUELA RURAL LA JAGUA
RIOSUCIO;217614000138;INSTITUCION EDUCATIVA QUIEBRALOMO;217614000545;ESCUELA RURAL EL RODEO
RIOSUCIO;217614000596;INSTITUCION EDUCATIVA SAN LORENZO;217614000596;INSTITUCION EDUCATIVA SAN LORENZO - SEDE PRINCIPAL
RIOSUCIO;217614000596;INSTITUCION EDUCATIVA SAN LORENZO;217614000359;ESCUELA RURAL MANUELA BELTRAN
RIOSUCIO;217614000596;INSTITUCION EDUCATIVA SAN LORENZO;217614000294;ESCUELA RURAL LA IBERIA
RIOSUCIO;217614000596;INSTITUCION EDUCATIVA SAN LORENZO;217614000634;ESCUELA RURAL MIXTA SIMON BOLIVAR
RIOSUCIO;217614000596;INSTITUCION EDUCATIVA SAN LORENZO;217614000421;ESCUELA RURAL MIXTA PASMI
RIOSUCIO;217614000596;INSTITUCION EDUCATIVA SAN LORENZO;217614000383;ESCUELA RURAL CAMILO TORRES
RIOSUCIO;217614000596;INSTITUCION EDUCATIVA SAN LORENZO;217614000162;ESCUELA RURAL HONDURAS
RIOSUCIO;217614000596;INSTITUCION EDUCATIVA SAN LORENZO;217614000766;ESCUELA RURAL AGUAS CLARAS
SALAMINA;117653000124;INSTITUCION EDUCATIVA ESCUELA NORMAL SUPERIOR MARIA ESCOLASTICA;117653000124;INSTITUCION EDUCATIVA ESCUELA NORMAL SUPERIOR MARIA ESCOLASTICA - SEDE PRINCIPAL
SALAMINA;117653000124;INSTITUCION EDUCATIVA ESCUELA NORMAL SUPERIOR MARIA ESCOLASTICA;117653001279;I.E. SALAMINA
VILLAMARÍA;117873000800;INSTITUCION EDUCATIVA JAIME DUQUE GRISALES;117873000192;INSTITUTO CAMPESTRE AGROPECUARIO DE CALDAS
VILLAMARÍA;117873000800;INSTITUCION EDUCATIVA JAIME DUQUE GRISALES;117873000800;INSTITUCION EDUCATIVA JAIME DUQUE GRISALES - SEDE PRINCIPAL
VILLAMARÍA;117873000800;INSTITUCION EDUCATIVA JAIME DUQUE GRISALES;117873000681;ESCUELA RAFAEL POMBO
VILLAMARÍA;117873000800;INSTITUCION EDUCATIVA JAIME DUQUE GRISALES;117873000729;CENTRO EDUCATIVO NORUEGA
VILLAMARÍA;217873000316;INSTITUCION EDUCATIVA PIO XII;217873000359;ESCUELA NUEVA BAJO CASTILLO
VILLAMARÍA;217873000316;INSTITUCION EDUCATIVA PIO XII;217873000235;ESCUELA ALTO ARROYO
VILLAMARÍA;217873000316;INSTITUCION EDUCATIVA PIO XII;217873000227;ESCUELA RURAL BAJO ARROYO
VILLAMARÍA;217873000316;INSTITUCION EDUCATIVA PIO XII;217873000316;INSTITUCION EDUCATIVA PIO XII - SEDE PRINCIPAL
VILLAMARÍA;217873000316;INSTITUCION EDUCATIVA PIO XII;217873000391;CENTRO EDUCATIVO LA MILAGROSA
VILLAMARÍA;217873000316;INSTITUCION EDUCATIVA PIO XII;217873001118;ESCUELA EL AVION
